subtype,segment,gene,alignment_index,codon_site,wt_aa
H1,HA,HA,1,1,M
H1,HA,HA,2,2,K
H1,HA,HA,3,3,A
H1,HA,HA,4,4,N
H1,HA,HA,5,5,L
H1,HA,HA,6,6,L
H1,HA,HA,7,7,V
H1,HA,HA,9,8,L
H1,HA,HA,10,9,L
H1,HA,HA,11,10,C
H1,HA,HA,12,11,A
H1,HA,HA,13,12,L
H1,HA,HA,14,13,A
H1,HA,HA,15,14,A
H1,HA,HA,24,15,A
H1,HA,HA,25,16,D
H1,HA,HA,26,17,A
H1,HA,HA,27,18,D
H1,HA,HA,28,19,T
H1,HA,HA,29,20,I
H1,HA,HA,30,21,C
H1,HA,HA,31,22,I
H1,HA,HA,32,23,G
H1,HA,HA,33,24,Y
H1,HA,HA,34,25,H
H1,HA,HA,35,26,A
H1,HA,HA,36,27,N
H1,HA,HA,37,28,N
H1,HA,HA,38,29,S
H1,HA,HA,39,30,T
H1,HA,HA,40,31,D
H1,HA,HA,41,32,T
H1,HA,HA,42,33,V
H1,HA,HA,43,34,D
H1,HA,HA,44,35,T
H1,HA,HA,45,36,V
H1,HA,HA,46,37,L
H1,HA,HA,47,38,E
H1,HA,HA,48,39,K
H1,HA,HA,49,40,N
H1,HA,HA,50,41,V
H1,HA,HA,51,42,T
H1,HA,HA,52,43,V
H1,HA,HA,53,44,T
H1,HA,HA,54,45,H
H1,HA,HA,55,46,S
H1,HA,HA,56,47,V
H1,HA,HA,57,48,N
H1,HA,HA,58,49,L
H1,HA,HA,59,50,L
H1,HA,HA,60,51,E
H1,HA,HA,61,52,D
H1,HA,HA,62,53,S
H1,HA,HA,63,54,H
H1,HA,HA,64,55,N
H1,HA,HA,65,56,G
H1,HA,HA,66,57,K
H1,HA,HA,67,58,L
H1,HA,HA,68,59,C
H1,HA,HA,69,60,R
H1,HA,HA,70,61,L
H1,HA,HA,71,62,K
H1,HA,HA,72,63,G
H1,HA,HA,73,64,I
H1,HA,HA,74,65,A
H1,HA,HA,75,66,P
H1,HA,HA,76,67,L
H1,HA,HA,77,68,Q
H1,HA,HA,78,69,L
H1,HA,HA,79,70,G
H1,HA,HA,80,71,K
H1,HA,HA,81,72,C
H1,HA,HA,82,73,N
H1,HA,HA,83,74,I
H1,HA,HA,84,75,A
H1,HA,HA,85,76,G
H1,HA,HA,86,77,W
H1,HA,HA,87,78,L
H1,HA,HA,88,79,L
H1,HA,HA,89,80,G
H1,HA,HA,90,81,N
H1,HA,HA,91,82,P
H1,HA,HA,92,83,E
H1,HA,HA,93,84,C
H1,HA,HA,94,85,D
H1,HA,HA,95,86,P
H1,HA,HA,96,87,L
H1,HA,HA,97,88,L
H1,HA,HA,98,89,P
H1,HA,HA,99,90,V
H1,HA,HA,100,91,R
H1,HA,HA,101,92,S
H1,HA,HA,102,93,W
H1,HA,HA,103,94,S
H1,HA,HA,104,95,Y
H1,HA,HA,105,96,I
H1,HA,HA,106,97,V
H1,HA,HA,107,98,E
H1,HA,HA,108,99,T
H1,HA,HA,109,100,P
H1,HA,HA,110,101,N
H1,HA,HA,111,102,S
H1,HA,HA,112,103,E
H1,HA,HA,113,104,N
H1,HA,HA,114,105,G
H1,HA,HA,115,106,I
H1,HA,HA,116,107,C
H1,HA,HA,117,108,Y
H1,HA,HA,118,109,P
H1,HA,HA,119,110,G
H1,HA,HA,120,111,D
H1,HA,HA,121,112,F
H1,HA,HA,122,113,I
H1,HA,HA,123,114,D
H1,HA,HA,124,115,Y
H1,HA,HA,125,116,E
H1,HA,HA,126,117,E
H1,HA,HA,127,118,L
H1,HA,HA,128,119,R
H1,HA,HA,129,120,E
H1,HA,HA,130,121,Q
H1,HA,HA,131,122,L
H1,HA,HA,132,123,S
H1,HA,HA,133,124,S
H1,HA,HA,134,125,V
H1,HA,HA,135,126,S
H1,HA,HA,136,127,S
H1,HA,HA,137,128,F
H1,HA,HA,138,129,E
H1,HA,HA,139,130,R
H1,HA,HA,140,131,F
H1,HA,HA,141,132,E
H1,HA,HA,142,133,I
H1,HA,HA,143,134,F
H1,HA,HA,144,135,P
H1,HA,HA,145,136,K
H1,HA,HA,146,137,E
H1,HA,HA,147,138,S
H1,HA,HA,148,139,S
H1,HA,HA,149,140,W
H1,HA,HA,150,141,P
H1,HA,HA,151,142,N
H1,HA,HA,152,143,H
H1,HA,HA,153,144,N
H1,HA,HA,154,145,T
H1,HA,HA,155,146,T
H1,HA,HA,156,147,K
H1,HA,HA,157,148,G
H1,HA,HA,158,149,V
H1,HA,HA,159,150,T
H1,HA,HA,160,151,A
H1,HA,HA,161,152,A
H1,HA,HA,162,153,C
H1,HA,HA,163,154,S
H1,HA,HA,164,155,H
H1,HA,HA,165,156,A
H1,HA,HA,166,157,G
H1,HA,HA,167,158,K
H1,HA,HA,168,159,S
H1,HA,HA,169,160,S
H1,HA,HA,170,161,F
H1,HA,HA,171,162,Y
H1,HA,HA,172,163,R
H1,HA,HA,173,164,N
H1,HA,HA,174,165,L
H1,HA,HA,175,166,L
H1,HA,HA,176,167,W
H1,HA,HA,177,168,L
H1,HA,HA,178,169,T
H1,HA,HA,179,170,E
H1,HA,HA,182,171,K
H1,HA,HA,183,172,E
H1,HA,HA,184,173,G
H1,HA,HA,185,174,S
H1,HA,HA,186,175,Y
H1,HA,HA,187,176,P
H1,HA,HA,188,177,K
H1,HA,HA,189,178,L
H1,HA,HA,190,179,K
H1,HA,HA,191,180,N
H1,HA,HA,192,181,S
H1,HA,HA,193,182,Y
H1,HA,HA,194,183,V
H1,HA,HA,195,184,N
H1,HA,HA,196,185,K
H1,HA,HA,197,186,K
H1,HA,HA,198,187,G
H1,HA,HA,199,188,K
H1,HA,HA,200,189,E
H1,HA,HA,201,190,V
H1,HA,HA,202,191,L
H1,HA,HA,203,192,V
H1,HA,HA,204,193,L
H1,HA,HA,205,194,W
H1,HA,HA,206,195,G
H1,HA,HA,207,196,I
H1,HA,HA,208,197,H
H1,HA,HA,209,198,H
H1,HA,HA,210,199,P
H1,HA,HA,211,200,S
H1,HA,HA,212,201,N
H1,HA,HA,213,202,S
H1,HA,HA,214,203,K
H1,HA,HA,215,204,D
H1,HA,HA,216,205,Q
H1,HA,HA,217,206,Q
H1,HA,HA,218,207,N
H1,HA,HA,219,208,I
H1,HA,HA,220,209,Y
H1,HA,HA,221,210,Q
H1,HA,HA,222,211,N
H1,HA,HA,223,212,E
H1,HA,HA,224,213,N
H1,HA,HA,225,214,A
H1,HA,HA,226,215,Y
H1,HA,HA,227,216,V
H1,HA,HA,228,217,S
H1,HA,HA,229,218,V
H1,HA,HA,230,219,V
H1,HA,HA,231,220,T
H1,HA,HA,232,221,S
H1,HA,HA,233,222,N
H1,HA,HA,234,223,Y
H1,HA,HA,235,224,N
H1,HA,HA,236,225,R
H1,HA,HA,237,226,R
H1,HA,HA,238,227,F
H1,HA,HA,239,228,T
H1,HA,HA,240,229,P
H1,HA,HA,241,230,E
H1,HA,HA,242,231,I
H1,HA,HA,243,232,A
H1,HA,HA,244,233,E
H1,HA,HA,245,234,R
H1,HA,HA,246,235,P
H1,HA,HA,247,236,K
H1,HA,HA,248,237,V
H1,HA,HA,249,238,R
H1,HA,HA,250,239,D
H1,HA,HA,251,240,Q
H1,HA,HA,252,241,A
H1,HA,HA,253,242,G
H1,HA,HA,254,243,R
H1,HA,HA,255,244,M
H1,HA,HA,256,245,N
H1,HA,HA,257,246,Y
H1,HA,HA,258,247,Y
H1,HA,HA,259,248,W
H1,HA,HA,260,249,T
H1,HA,HA,261,250,L
H1,HA,HA,262,251,L
H1,HA,HA,263,252,K
H1,HA,HA,264,253,P
H1,HA,HA,265,254,G
H1,HA,HA,266,255,D
H1,HA,HA,267,256,T
H1,HA,HA,268,257,I
H1,HA,HA,269,258,I
H1,HA,HA,270,259,F
H1,HA,HA,271,260,E
H1,HA,HA,272,261,A
H1,HA,HA,273,262,N
H1,HA,HA,274,263,G
H1,HA,HA,275,264,N
H1,HA,HA,276,265,L
H1,HA,HA,277,266,I
H1,HA,HA,278,267,A
H1,HA,HA,279,268,P
H1,HA,HA,280,269,R
H1,HA,HA,281,270,Y
H1,HA,HA,282,271,A
H1,HA,HA,283,272,F
H1,HA,HA,284,273,A
H1,HA,HA,285,274,L
H1,HA,HA,286,275,S
H1,HA,HA,287,276,R
H1,HA,HA,288,277,G
H1,HA,HA,289,278,F
H1,HA,HA,290,279,G
H1,HA,HA,291,280,S
H1,HA,HA,292,281,G
H1,HA,HA,293,282,I
H1,HA,HA,294,283,I
H1,HA,HA,295,284,T
H1,HA,HA,296,285,S
H1,HA,HA,297,286,N
H1,HA,HA,298,287,A
H1,HA,HA,299,288,S
H1,HA,HA,301,289,M
H1,HA,HA,302,290,H
H1,HA,HA,303,291,E
H1,HA,HA,304,292,C
H1,HA,HA,305,293,N
H1,HA,HA,306,294,T
H1,HA,HA,307,295,K
H1,HA,HA,308,296,C
H1,HA,HA,309,297,Q
H1,HA,HA,310,298,T
H1,HA,HA,311,299,P
H1,HA,HA,312,300,L
H1,HA,HA,313,301,G
H1,HA,HA,314,302,A
H1,HA,HA,315,303,I
H1,HA,HA,316,304,N
H1,HA,HA,317,305,S
H1,HA,HA,318,306,S
H1,HA,HA,319,307,L
H1,HA,HA,320,308,P
H1,HA,HA,321,309,F
H1,HA,HA,322,310,Q
H1,HA,HA,323,311,N
H1,HA,HA,324,312,I
H1,HA,HA,325,313,H
H1,HA,HA,326,314,P
H1,HA,HA,327,315,V
H1,HA,HA,328,316,T
H1,HA,HA,329,317,I
H1,HA,HA,330,318,G
H1,HA,HA,331,319,E
H1,HA,HA,332,320,C
H1,HA,HA,333,321,P
H1,HA,HA,334,322,K
H1,HA,HA,335,323,Y
H1,HA,HA,336,324,V
H1,HA,HA,337,325,R
H1,HA,HA,338,326,S
H1,HA,HA,339,327,A
H1,HA,HA,340,328,K
H1,HA,HA,341,329,L
H1,HA,HA,342,330,R
H1,HA,HA,343,331,M
H1,HA,HA,344,332,V
H1,HA,HA,345,333,T
H1,HA,HA,346,334,G
H1,HA,HA,347,335,L
H1,HA,HA,348,336,R
H1,HA,HA,349,337,N
H1,HA,HA,350,338,I
H1,HA,HA,351,339,P
H1,HA,HA,352,340,S
H1,HA,HA,353,341,I
H1,HA,HA,358,342,Q
H1,HA,HA,359,343,S
H1,HA,HA,360,344,R
H1,HA,HA,361,345,G
H1,HA,HA,362,346,L
H1,HA,HA,363,347,F
H1,HA,HA,364,348,G
H1,HA,HA,365,349,A
H1,HA,HA,366,350,I
H1,HA,HA,367,351,A
H1,HA,HA,368,352,G
H1,HA,HA,369,353,F
H1,HA,HA,370,354,I
H1,HA,HA,371,355,E
H1,HA,HA,372,356,G
H1,HA,HA,373,357,G
H1,HA,HA,374,358,W
H1,HA,HA,375,359,T
H1,HA,HA,376,360,G
H1,HA,HA,377,361,M
H1,HA,HA,378,362,I
H1,HA,HA,379,363,D
H1,HA,HA,380,364,G
H1,HA,HA,381,365,W
H1,HA,HA,382,366,Y
H1,HA,HA,383,367,G
H1,HA,HA,384,368,Y
H1,HA,HA,385,369,H
H1,HA,HA,386,370,H
H1,HA,HA,387,371,Q
H1,HA,HA,388,372,N
H1,HA,HA,389,373,E
H1,HA,HA,390,374,Q
H1,HA,HA,391,375,G
H1,HA,HA,392,376,S
H1,HA,HA,393,377,G
H1,HA,HA,394,378,Y
H1,HA,HA,395,379,A
H1,HA,HA,396,380,A
H1,HA,HA,397,381,D
H1,HA,HA,398,382,Q
H1,HA,HA,399,383,K
H1,HA,HA,400,384,S
H1,HA,HA,401,385,T
H1,HA,HA,402,386,Q
H1,HA,HA,403,387,N
H1,HA,HA,404,388,A
H1,HA,HA,405,389,I
H1,HA,HA,406,390,N
H1,HA,HA,407,391,G
H1,HA,HA,408,392,I
H1,HA,HA,409,393,T
H1,HA,HA,410,394,N
H1,HA,HA,411,395,K
H1,HA,HA,412,396,V
H1,HA,HA,413,397,N
H1,HA,HA,414,398,S
H1,HA,HA,415,399,V
H1,HA,HA,416,400,I
H1,HA,HA,417,401,E
H1,HA,HA,418,402,K
H1,HA,HA,419,403,M
H1,HA,HA,420,404,N
H1,HA,HA,421,405,I
H1,HA,HA,422,406,Q
H1,HA,HA,423,407,F
H1,HA,HA,424,408,T
H1,HA,HA,425,409,A
H1,HA,HA,426,410,V
H1,HA,HA,427,411,G
H1,HA,HA,428,412,K
H1,HA,HA,429,413,E
H1,HA,HA,430,414,F
H1,HA,HA,431,415,N
H1,HA,HA,432,416,K
H1,HA,HA,433,417,L
H1,HA,HA,434,418,E
H1,HA,HA,435,419,K
H1,HA,HA,436,420,R
H1,HA,HA,437,421,M
H1,HA,HA,438,422,E
H1,HA,HA,439,423,N
H1,HA,HA,440,424,L
H1,HA,HA,441,425,N
H1,HA,HA,442,426,K
H1,HA,HA,443,427,K
H1,HA,HA,444,428,V
H1,HA,HA,445,429,D
H1,HA,HA,446,430,D
H1,HA,HA,447,431,G
H1,HA,HA,448,432,F
H1,HA,HA,449,433,L
H1,HA,HA,450,434,D
H1,HA,HA,451,435,I
H1,HA,HA,452,436,W
H1,HA,HA,453,437,T
H1,HA,HA,454,438,Y
H1,HA,HA,455,439,N
H1,HA,HA,456,440,A
H1,HA,HA,457,441,E
H1,HA,HA,458,442,L
H1,HA,HA,459,443,L
H1,HA,HA,460,444,V
H1,HA,HA,461,445,L
H1,HA,HA,462,446,L
H1,HA,HA,463,447,E
H1,HA,HA,464,448,N
H1,HA,HA,465,449,E
H1,HA,HA,466,450,R
H1,HA,HA,467,451,T
H1,HA,HA,468,452,L
H1,HA,HA,469,453,D
H1,HA,HA,470,454,F
H1,HA,HA,471,455,H
H1,HA,HA,472,456,D
H1,HA,HA,473,457,S
H1,HA,HA,474,458,N
H1,HA,HA,475,459,V
H1,HA,HA,476,460,K
H1,HA,HA,477,461,N
H1,HA,HA,478,462,L
H1,HA,HA,479,463,Y
H1,HA,HA,480,464,E
H1,HA,HA,481,465,K
H1,HA,HA,482,466,V
H1,HA,HA,483,467,K
H1,HA,HA,484,468,S
H1,HA,HA,485,469,Q
H1,HA,HA,486,470,L
H1,HA,HA,487,471,K
H1,HA,HA,488,472,N
H1,HA,HA,489,473,N
H1,HA,HA,490,474,A
H1,HA,HA,491,475,K
H1,HA,HA,492,476,E
H1,HA,HA,493,477,I
H1,HA,HA,494,478,G
H1,HA,HA,495,479,N
H1,HA,HA,496,480,G
H1,HA,HA,497,481,C
H1,HA,HA,498,482,F
H1,HA,HA,499,483,E
H1,HA,HA,500,484,F
H1,HA,HA,501,485,Y
H1,HA,HA,502,486,H
H1,HA,HA,503,487,K
H1,HA,HA,504,488,C
H1,HA,HA,505,489,D
H1,HA,HA,506,490,N
H1,HA,HA,507,491,E
H1,HA,HA,508,492,C
H1,HA,HA,509,493,M
H1,HA,HA,510,494,E
H1,HA,HA,511,495,S
H1,HA,HA,512,496,V
H1,HA,HA,513,497,R
H1,HA,HA,514,498,N
H1,HA,HA,515,499,G
H1,HA,HA,516,500,T
H1,HA,HA,517,501,Y
H1,HA,HA,518,502,D
H1,HA,HA,519,503,Y
H1,HA,HA,520,504,P
H1,HA,HA,521,505,K
H1,HA,HA,522,506,Y
H1,HA,HA,523,507,S
H1,HA,HA,524,508,E
H1,HA,HA,525,509,E
H1,HA,HA,526,510,S
H1,HA,HA,527,511,K
H1,HA,HA,528,512,L
H1,HA,HA,529,513,N
H1,HA,HA,530,514,R
H1,HA,HA,531,515,E
H1,HA,HA,532,516,K
H1,HA,HA,533,517,V
H1,HA,HA,534,518,D
H1,HA,HA,535,519,G
H1,HA,HA,536,520,V
H1,HA,HA,537,521,K
H1,HA,HA,538,522,L
H1,HA,HA,539,523,E
H1,HA,HA,540,524,S
H1,HA,HA,541,525,M
H1,HA,HA,542,526,G
H1,HA,HA,543,527,I
H1,HA,HA,544,528,Y
H1,HA,HA,545,529,Q
H1,HA,HA,546,530,I
H1,HA,HA,547,531,L
H1,HA,HA,548,532,A
H1,HA,HA,549,533,I
H1,HA,HA,550,534,Y
H1,HA,HA,551,535,S
H1,HA,HA,552,536,T
H1,HA,HA,553,537,V
H1,HA,HA,554,538,A
H1,HA,HA,555,539,S
H1,HA,HA,556,540,S
H1,HA,HA,557,541,L
H1,HA,HA,558,542,V
H1,HA,HA,559,543,L
H1,HA,HA,560,544,L
H1,HA,HA,561,545,V
H1,HA,HA,562,546,S
H1,HA,HA,563,547,L
H1,HA,HA,564,548,G
H1,HA,HA,565,549,A
H1,HA,HA,566,550,I
H1,HA,HA,567,551,S
H1,HA,HA,568,552,F
H1,HA,HA,569,553,W
H1,HA,HA,570,554,M
H1,HA,HA,571,555,C
H1,HA,HA,572,556,S
H1,HA,HA,573,557,N
H1,HA,HA,574,558,G
H1,HA,HA,575,559,S
H1,HA,HA,576,560,L
H1,HA,HA,577,561,Q
H1,HA,HA,578,562,C
H1,HA,HA,579,563,R
H1,HA,HA,580,564,I
H1,HA,HA,581,565,C
H1,HA,HA,582,566,I
H1,HA,HA,583,567,*
H3,HA,HA,1,1,M
H3,HA,HA,2,2,K
H3,HA,HA,3,3,T
H3,HA,HA,4,4,I
H3,HA,HA,5,5,I
H3,HA,HA,6,6,A
H3,HA,HA,7,7,L
H3,HA,HA,8,8,S
H3,HA,HA,9,9,Y
H3,HA,HA,10,10,I
H3,HA,HA,11,11,F
H3,HA,HA,12,12,C
H3,HA,HA,13,13,L
H3,HA,HA,14,14,A
H3,HA,HA,15,15,L
H3,HA,HA,16,16,G
H3,HA,HA,17,17,Q
H3,HA,HA,18,18,D
H3,HA,HA,19,19,L
H3,HA,HA,20,20,P
H3,HA,HA,21,21,G
H3,HA,HA,22,22,N
H3,HA,HA,23,23,D
H3,HA,HA,24,24,N
H3,HA,HA,25,25,S
H3,HA,HA,26,26,T
H3,HA,HA,27,27,A
H3,HA,HA,28,28,T
H3,HA,HA,29,29,L
H3,HA,HA,30,30,C
H3,HA,HA,31,31,L
H3,HA,HA,32,32,G
H3,HA,HA,33,33,H
H3,HA,HA,34,34,H
H3,HA,HA,35,35,A
H3,HA,HA,36,36,V
H3,HA,HA,37,37,P
H3,HA,HA,38,38,N
H3,HA,HA,39,39,G
H3,HA,HA,40,40,T
H3,HA,HA,41,41,L
H3,HA,HA,42,42,V
H3,HA,HA,43,43,K
H3,HA,HA,44,44,T
H3,HA,HA,45,45,I
H3,HA,HA,46,46,T
H3,HA,HA,47,47,D
H3,HA,HA,48,48,D
H3,HA,HA,49,49,Q
H3,HA,HA,50,50,I
H3,HA,HA,51,51,E
H3,HA,HA,52,52,V
H3,HA,HA,53,53,T
H3,HA,HA,54,54,N
H3,HA,HA,55,55,A
H3,HA,HA,56,56,T
H3,HA,HA,57,57,E
H3,HA,HA,58,58,L
H3,HA,HA,59,59,V
H3,HA,HA,60,60,Q
H3,HA,HA,61,61,S
H3,HA,HA,62,62,S
H3,HA,HA,63,63,S
H3,HA,HA,64,64,T
H3,HA,HA,65,65,G
H3,HA,HA,66,66,K
H3,HA,HA,67,67,I
H3,HA,HA,68,68,C
H3,HA,HA,69,69,N
H3,HA,HA,71,70,N
H3,HA,HA,72,71,P
H3,HA,HA,73,72,H
H3,HA,HA,74,73,R
H3,HA,HA,75,74,I
H3,HA,HA,76,75,L
H3,HA,HA,77,76,D
H3,HA,HA,78,77,G
H3,HA,HA,79,78,I
H3,HA,HA,80,79,D
H3,HA,HA,81,80,C
H3,HA,HA,82,81,T
H3,HA,HA,83,82,L
H3,HA,HA,84,83,I
H3,HA,HA,85,84,D
H3,HA,HA,86,85,A
H3,HA,HA,87,86,L
H3,HA,HA,88,87,L
H3,HA,HA,89,88,G
H3,HA,HA,90,89,D
H3,HA,HA,91,90,P
H3,HA,HA,92,91,H
H3,HA,HA,93,92,C
H3,HA,HA,94,93,D
H3,HA,HA,95,94,V
H3,HA,HA,96,95,F
H3,HA,HA,97,96,Q
H3,HA,HA,98,97,N
H3,HA,HA,100,98,E
H3,HA,HA,101,99,T
H3,HA,HA,102,100,W
H3,HA,HA,103,101,D
H3,HA,HA,104,102,L
H3,HA,HA,105,103,F
H3,HA,HA,106,104,V
H3,HA,HA,107,105,E
H3,HA,HA,108,106,R
H3,HA,HA,109,107,S
H3,HA,HA,110,108,K
H3,HA,HA,111,109,A
H3,HA,HA,113,110,F
H3,HA,HA,114,111,S
H3,HA,HA,115,112,N
H3,HA,HA,116,113,C
H3,HA,HA,117,114,Y
H3,HA,HA,118,115,P
H3,HA,HA,119,116,Y
H3,HA,HA,120,117,D
H3,HA,HA,121,118,V
H3,HA,HA,122,119,P
H3,HA,HA,123,120,D
H3,HA,HA,124,121,Y
H3,HA,HA,125,122,A
H3,HA,HA,126,123,S
H3,HA,HA,127,124,L
H3,HA,HA,128,125,R
H3,HA,HA,129,126,S
H3,HA,HA,130,127,L
H3,HA,HA,131,128,V
H3,HA,HA,132,129,A
H3,HA,HA,133,130,S
H3,HA,HA,134,131,S
H3,HA,HA,135,132,G
H3,HA,HA,136,133,T
H3,HA,HA,137,134,L
H3,HA,HA,138,135,E
H3,HA,HA,139,136,F
H3,HA,HA,140,137,I
H3,HA,HA,141,138,T
H3,HA,HA,142,139,E
H3,HA,HA,146,140,G
H3,HA,HA,147,141,F
H3,HA,HA,148,142,T
H3,HA,HA,149,143,W
H3,HA,HA,150,144,T
H3,HA,HA,151,145,G
H3,HA,HA,153,146,V
H3,HA,HA,154,147,T
H3,HA,HA,155,148,Q
H3,HA,HA,156,149,N
H3,HA,HA,157,150,G
H3,HA,HA,158,151,G
H3,HA,HA,159,152,S
H3,HA,HA,160,153,N
H3,HA,HA,161,154,A
H3,HA,HA,162,155,C
H3,HA,HA,163,156,K
H3,HA,HA,164,157,R
H3,HA,HA,165,158,G
H3,HA,HA,166,159,P
H3,HA,HA,167,160,G
H3,HA,HA,168,161,N
H3,HA,HA,169,162,G
H3,HA,HA,170,163,F
H3,HA,HA,171,164,F
H3,HA,HA,172,165,S
H3,HA,HA,173,166,R
H3,HA,HA,174,167,L
H3,HA,HA,175,168,N
H3,HA,HA,176,169,W
H3,HA,HA,177,170,L
H3,HA,HA,178,171,T
H3,HA,HA,179,172,K
H3,HA,HA,182,173,S
H3,HA,HA,183,174,G
H3,HA,HA,184,175,S
H3,HA,HA,185,176,T
H3,HA,HA,186,177,Y
H3,HA,HA,187,178,P
H3,HA,HA,188,179,V
H3,HA,HA,189,180,L
H3,HA,HA,190,181,N
H3,HA,HA,191,182,V
H3,HA,HA,192,183,T
H3,HA,HA,193,184,M
H3,HA,HA,194,185,P
H3,HA,HA,195,186,N
H3,HA,HA,196,187,N
H3,HA,HA,197,188,D
H3,HA,HA,198,189,N
H3,HA,HA,199,190,F
H3,HA,HA,200,191,D
H3,HA,HA,201,192,K
H3,HA,HA,202,193,L
H3,HA,HA,203,194,Y
H3,HA,HA,204,195,I
H3,HA,HA,205,196,W
H3,HA,HA,206,197,G
H3,HA,HA,207,198,I
H3,HA,HA,208,199,H
H3,HA,HA,209,200,H
H3,HA,HA,210,201,P
H3,HA,HA,211,202,S
H3,HA,HA,212,203,T
H3,HA,HA,213,204,N
H3,HA,HA,214,205,Q
H3,HA,HA,215,206,E
H3,HA,HA,216,207,Q
H3,HA,HA,217,208,T
H3,HA,HA,218,209,S
H3,HA,HA,219,210,L
H3,HA,HA,220,211,Y
H3,HA,HA,221,212,V
H3,HA,HA,222,213,Q
H3,HA,HA,223,214,A
H3,HA,HA,224,215,S
H3,HA,HA,225,216,G
H3,HA,HA,226,217,R
H3,HA,HA,227,218,V
H3,HA,HA,228,219,T
H3,HA,HA,229,220,V
H3,HA,HA,230,221,S
H3,HA,HA,231,222,T
H3,HA,HA,232,223,R
H3,HA,HA,233,224,R
H3,HA,HA,234,225,S
H3,HA,HA,235,226,Q
H3,HA,HA,236,227,Q
H3,HA,HA,237,228,T
H3,HA,HA,238,229,I
H3,HA,HA,239,230,I
H3,HA,HA,240,231,P
H3,HA,HA,241,232,N
H3,HA,HA,242,233,I
H3,HA,HA,243,234,G
H3,HA,HA,244,235,S
H3,HA,HA,245,236,R
H3,HA,HA,246,237,P
H3,HA,HA,247,238,W
H3,HA,HA,248,239,V
H3,HA,HA,249,240,R
H3,HA,HA,250,241,G
H3,HA,HA,251,242,L
H3,HA,HA,252,243,S
H3,HA,HA,253,244,S
H3,HA,HA,254,245,R
H3,HA,HA,255,246,I
H3,HA,HA,256,247,S
H3,HA,HA,257,248,I
H3,HA,HA,258,249,Y
H3,HA,HA,259,250,W
H3,HA,HA,260,251,T
H3,HA,HA,261,252,I
H3,HA,HA,262,253,V
H3,HA,HA,263,254,K
H3,HA,HA,264,255,P
H3,HA,HA,265,256,G
H3,HA,HA,266,257,D
H3,HA,HA,267,258,V
H3,HA,HA,268,259,L
H3,HA,HA,269,260,V
H3,HA,HA,270,261,I
H3,HA,HA,271,262,N
H3,HA,HA,272,263,S
H3,HA,HA,273,264,N
H3,HA,HA,274,265,G
H3,HA,HA,275,266,N
H3,HA,HA,276,267,L
H3,HA,HA,277,268,I
H3,HA,HA,278,269,A
H3,HA,HA,279,270,P
H3,HA,HA,280,271,R
H3,HA,HA,281,272,G
H3,HA,HA,282,273,Y
H3,HA,HA,283,274,F
H3,HA,HA,284,275,K
H3,HA,HA,285,276,M
H3,HA,HA,286,277,R
H3,HA,HA,287,278,T
H3,HA,HA,289,279,G
H3,HA,HA,290,280,K
H3,HA,HA,291,281,S
H3,HA,HA,292,282,S
H3,HA,HA,293,283,I
H3,HA,HA,294,284,M
H3,HA,HA,295,285,R
H3,HA,HA,296,286,S
H3,HA,HA,297,287,D
H3,HA,HA,298,288,A
H3,HA,HA,299,289,P
H3,HA,HA,301,290,I
H3,HA,HA,302,291,D
H3,HA,HA,303,292,T
H3,HA,HA,304,293,C
H3,HA,HA,305,294,I
H3,HA,HA,306,295,S
H3,HA,HA,307,296,E
H3,HA,HA,308,297,C
H3,HA,HA,309,298,I
H3,HA,HA,310,299,T
H3,HA,HA,311,300,P
H3,HA,HA,312,301,N
H3,HA,HA,313,302,G
H3,HA,HA,314,303,S
H3,HA,HA,315,304,I
H3,HA,HA,316,305,P
H3,HA,HA,317,306,N
H3,HA,HA,318,307,D
H3,HA,HA,319,308,K
H3,HA,HA,320,309,P
H3,HA,HA,321,310,F
H3,HA,HA,322,311,Q
H3,HA,HA,323,312,N
H3,HA,HA,324,313,V
H3,HA,HA,325,314,N
H3,HA,HA,326,315,K
H3,HA,HA,327,316,I
H3,HA,HA,328,317,T
H3,HA,HA,329,318,Y
H3,HA,HA,330,319,G
H3,HA,HA,331,320,A
H3,HA,HA,332,321,C
H3,HA,HA,333,322,P
H3,HA,HA,334,323,K
H3,HA,HA,335,324,Y
H3,HA,HA,336,325,V
H3,HA,HA,337,326,K
H3,HA,HA,338,327,Q
H3,HA,HA,339,328,N
H3,HA,HA,340,329,T
H3,HA,HA,341,330,L
H3,HA,HA,342,331,K
H3,HA,HA,343,332,L
H3,HA,HA,344,333,A
H3,HA,HA,345,334,T
H3,HA,HA,346,335,G
H3,HA,HA,347,336,M
H3,HA,HA,348,337,R
H3,HA,HA,349,338,N
H3,HA,HA,350,339,V
H3,HA,HA,351,340,P
H3,HA,HA,352,341,E
H3,HA,HA,353,342,K
H3,HA,HA,358,343,Q
H3,HA,HA,359,344,T
H3,HA,HA,360,345,R
H3,HA,HA,361,346,G
H3,HA,HA,362,347,L
H3,HA,HA,363,348,F
H3,HA,HA,364,349,G
H3,HA,HA,365,350,A
H3,HA,HA,366,351,I
H3,HA,HA,367,352,A
H3,HA,HA,368,353,G
H3,HA,HA,369,354,F
H3,HA,HA,370,355,I
H3,HA,HA,371,356,E
H3,HA,HA,372,357,N
H3,HA,HA,373,358,G
H3,HA,HA,374,359,W
H3,HA,HA,375,360,E
H3,HA,HA,376,361,G
H3,HA,HA,377,362,M
H3,HA,HA,378,363,I
H3,HA,HA,379,364,D
H3,HA,HA,380,365,G
H3,HA,HA,381,366,W
H3,HA,HA,382,367,Y
H3,HA,HA,383,368,G
H3,HA,HA,384,369,F
H3,HA,HA,385,370,R
H3,HA,HA,386,371,H
H3,HA,HA,387,372,Q
H3,HA,HA,388,373,N
H3,HA,HA,389,374,S
H3,HA,HA,390,375,E
H3,HA,HA,391,376,G
H3,HA,HA,392,377,T
H3,HA,HA,393,378,G
H3,HA,HA,394,379,Q
H3,HA,HA,395,380,A
H3,HA,HA,396,381,A
H3,HA,HA,397,382,D
H3,HA,HA,398,383,L
H3,HA,HA,399,384,K
H3,HA,HA,400,385,S
H3,HA,HA,401,386,T
H3,HA,HA,402,387,Q
H3,HA,HA,403,388,A
H3,HA,HA,404,389,A
H3,HA,HA,405,390,I
H3,HA,HA,406,391,D
H3,HA,HA,407,392,Q
H3,HA,HA,408,393,I
H3,HA,HA,409,394,N
H3,HA,HA,410,395,G
H3,HA,HA,411,396,K
H3,HA,HA,412,397,L
H3,HA,HA,413,398,N
H3,HA,HA,414,399,R
H3,HA,HA,415,400,V
H3,HA,HA,416,401,I
H3,HA,HA,417,402,E
H3,HA,HA,418,403,K
H3,HA,HA,419,404,T
H3,HA,HA,420,405,N
H3,HA,HA,421,406,E
H3,HA,HA,422,407,K
H3,HA,HA,423,408,F
H3,HA,HA,424,409,H
H3,HA,HA,425,410,Q
H3,HA,HA,426,411,I
H3,HA,HA,427,412,E
H3,HA,HA,428,413,K
H3,HA,HA,429,414,E
H3,HA,HA,430,415,F
H3,HA,HA,431,416,S
H3,HA,HA,432,417,E
H3,HA,HA,433,418,V
H3,HA,HA,434,419,E
H3,HA,HA,435,420,G
H3,HA,HA,436,421,R
H3,HA,HA,437,422,I
H3,HA,HA,438,423,Q
H3,HA,HA,439,424,D
H3,HA,HA,440,425,L
H3,HA,HA,441,426,E
H3,HA,HA,442,427,K
H3,HA,HA,443,428,Y
H3,HA,HA,444,429,V
H3,HA,HA,445,430,E
H3,HA,HA,446,431,D
H3,HA,HA,447,432,T
H3,HA,HA,448,433,K
H3,HA,HA,449,434,I
H3,HA,HA,450,435,D
H3,HA,HA,451,436,L
H3,HA,HA,452,437,W
H3,HA,HA,453,438,S
H3,HA,HA,454,439,Y
H3,HA,HA,455,440,N
H3,HA,HA,456,441,A
H3,HA,HA,457,442,E
H3,HA,HA,458,443,L
H3,HA,HA,459,444,L
H3,HA,HA,460,445,V
H3,HA,HA,461,446,A
H3,HA,HA,462,447,L
H3,HA,HA,463,448,E
H3,HA,HA,464,449,N
H3,HA,HA,465,450,Q
H3,HA,HA,466,451,H
H3,HA,HA,467,452,T
H3,HA,HA,468,453,I
H3,HA,HA,469,454,D
H3,HA,HA,470,455,L
H3,HA,HA,471,456,T
H3,HA,HA,472,457,D
H3,HA,HA,473,458,S
H3,HA,HA,474,459,E
H3,HA,HA,475,460,M
H3,HA,HA,476,461,N
H3,HA,HA,477,462,K
H3,HA,HA,478,463,L
H3,HA,HA,479,464,F
H3,HA,HA,480,465,E
H3,HA,HA,481,466,K
H3,HA,HA,482,467,T
H3,HA,HA,483,468,R
H3,HA,HA,484,469,R
H3,HA,HA,485,470,Q
H3,HA,HA,486,471,L
H3,HA,HA,487,472,R
H3,HA,HA,488,473,E
H3,HA,HA,489,474,N
H3,HA,HA,490,475,A
H3,HA,HA,491,476,E
H3,HA,HA,492,477,D
H3,HA,HA,493,478,M
H3,HA,HA,494,479,G
H3,HA,HA,495,480,N
H3,HA,HA,496,481,G
H3,HA,HA,497,482,C
H3,HA,HA,498,483,F
H3,HA,HA,499,484,K
H3,HA,HA,500,485,I
H3,HA,HA,501,486,Y
H3,HA,HA,502,487,H
H3,HA,HA,503,488,K
H3,HA,HA,504,489,C
H3,HA,HA,505,490,D
H3,HA,HA,506,491,N
H3,HA,HA,507,492,A
H3,HA,HA,508,493,C
H3,HA,HA,509,494,I
H3,HA,HA,510,495,E
H3,HA,HA,511,496,S
H3,HA,HA,512,497,I
H3,HA,HA,513,498,R
H3,HA,HA,514,499,N
H3,HA,HA,515,500,G
H3,HA,HA,516,501,T
H3,HA,HA,517,502,Y
H3,HA,HA,518,503,D
H3,HA,HA,519,504,H
H3,HA,HA,520,505,D
H3,HA,HA,521,506,V
H3,HA,HA,522,507,Y
H3,HA,HA,523,508,R
H3,HA,HA,524,509,D
H3,HA,HA,525,510,E
H3,HA,HA,526,511,A
H3,HA,HA,527,512,L
H3,HA,HA,528,513,N
H3,HA,HA,529,514,N
H3,HA,HA,530,515,R
H3,HA,HA,531,516,F
H3,HA,HA,532,517,Q
H3,HA,HA,533,518,I
H3,HA,HA,534,519,K
H3,HA,HA,535,520,G
H3,HA,HA,536,521,V
H3,HA,HA,537,522,E
H3,HA,HA,538,523,L
H3,HA,HA,539,524,K
H3,HA,HA,540,525,S
H3,HA,HA,541,526,G
H3,HA,HA,542,527,Y
H3,HA,HA,543,528,K
H3,HA,HA,544,529,D
H3,HA,HA,545,530,W
H3,HA,HA,546,531,I
H3,HA,HA,547,532,L
H3,HA,HA,548,533,W
H3,HA,HA,550,534,I
H3,HA,HA,551,535,S
H3,HA,HA,552,536,F
H3,HA,HA,553,537,A
H3,HA,HA,554,538,I
H3,HA,HA,555,539,S
H3,HA,HA,556,540,C
H3,HA,HA,557,541,F
H3,HA,HA,558,542,L
H3,HA,HA,559,543,L
H3,HA,HA,560,544,C
H3,HA,HA,561,545,V
H3,HA,HA,562,546,V
H3,HA,HA,563,547,L
H3,HA,HA,564,548,L
H3,HA,HA,565,549,G
H3,HA,HA,566,550,F
H3,HA,HA,567,551,I
H3,HA,HA,568,552,M
H3,HA,HA,569,553,W
H3,HA,HA,570,554,A
H3,HA,HA,571,555,C
H3,HA,HA,572,556,Q
H3,HA,HA,573,557,R
H3,HA,HA,574,558,G
H3,HA,HA,575,559,N
H3,HA,HA,576,560,I
H3,HA,HA,577,561,R
H3,HA,HA,578,562,C
H3,HA,HA,579,563,N
H3,HA,HA,580,564,I
H3,HA,HA,581,565,C
H3,HA,HA,582,566,I
H3,HA,HA,583,567,*
H5,HA,HA,1,1,M
H5,HA,HA,2,2,E
H5,HA,HA,3,3,K
H5,HA,HA,4,4,I
H5,HA,HA,5,5,V
H5,HA,HA,6,6,L
H5,HA,HA,7,7,L
H5,HA,HA,8,8,L
H5,HA,HA,9,9,A
H5,HA,HA,10,10,I
H5,HA,HA,13,11,V
H5,HA,HA,14,12,S
H5,HA,HA,15,13,L
H5,HA,HA,24,14,V
H5,HA,HA,25,15,K
H5,HA,HA,26,16,S
H5,HA,HA,27,17,D
H5,HA,HA,28,18,Q
H5,HA,HA,29,19,I
H5,HA,HA,30,20,C
H5,HA,HA,31,21,I
H5,HA,HA,32,22,G
H5,HA,HA,33,23,Y
H5,HA,HA,34,24,H
H5,HA,HA,35,25,A
H5,HA,HA,36,26,N
H5,HA,HA,37,27,N
H5,HA,HA,38,28,S
H5,HA,HA,39,29,T
H5,HA,HA,40,30,E
H5,HA,HA,41,31,Q
H5,HA,HA,42,32,V
H5,HA,HA,43,33,D
H5,HA,HA,44,34,T
H5,HA,HA,45,35,I
H5,HA,HA,46,36,M
H5,HA,HA,47,37,E
H5,HA,HA,48,38,K
H5,HA,HA,49,39,N
H5,HA,HA,50,40,V
H5,HA,HA,51,41,T
H5,HA,HA,52,42,V
H5,HA,HA,53,43,T
H5,HA,HA,54,44,H
H5,HA,HA,55,45,A
H5,HA,HA,56,46,Q
H5,HA,HA,57,47,D
H5,HA,HA,58,48,I
H5,HA,HA,59,49,L
H5,HA,HA,60,50,E
H5,HA,HA,61,51,K
H5,HA,HA,62,52,T
H5,HA,HA,63,53,H
H5,HA,HA,64,54,N
H5,HA,HA,65,55,G
H5,HA,HA,66,56,K
H5,HA,HA,67,57,L
H5,HA,HA,68,58,C
H5,HA,HA,69,59,D
H5,HA,HA,70,60,L
H5,HA,HA,71,61,N
H5,HA,HA,72,62,G
H5,HA,HA,73,63,V
H5,HA,HA,74,64,K
H5,HA,HA,75,65,P
H5,HA,HA,76,66,L
H5,HA,HA,77,67,I
H5,HA,HA,78,68,L
H5,HA,HA,79,69,R
H5,HA,HA,80,70,D
H5,HA,HA,81,71,C
H5,HA,HA,82,72,S
H5,HA,HA,83,73,V
H5,HA,HA,84,74,A
H5,HA,HA,85,75,G
H5,HA,HA,86,76,W
H5,HA,HA,87,77,L
H5,HA,HA,88,78,L
H5,HA,HA,89,79,G
H5,HA,HA,90,80,N
H5,HA,HA,91,81,P
H5,HA,HA,92,82,M
H5,HA,HA,93,83,C
H5,HA,HA,94,84,D
H5,HA,HA,95,85,E
H5,HA,HA,96,86,F
H5,HA,HA,97,87,I
H5,HA,HA,98,88,N
H5,HA,HA,99,89,V
H5,HA,HA,100,90,P
H5,HA,HA,101,91,E
H5,HA,HA,102,92,W
H5,HA,HA,103,93,S
H5,HA,HA,104,94,Y
H5,HA,HA,105,95,I
H5,HA,HA,106,96,V
H5,HA,HA,107,97,E
H5,HA,HA,108,98,K
H5,HA,HA,109,99,A
H5,HA,HA,110,100,S
H5,HA,HA,111,101,P
H5,HA,HA,112,102,A
H5,HA,HA,113,103,N
H5,HA,HA,114,104,D
H5,HA,HA,115,105,L
H5,HA,HA,116,106,C
H5,HA,HA,117,107,Y
H5,HA,HA,118,108,P
H5,HA,HA,119,109,G
H5,HA,HA,120,110,D
H5,HA,HA,121,111,F
H5,HA,HA,122,112,N
H5,HA,HA,123,113,D
H5,HA,HA,124,114,Y
H5,HA,HA,125,115,E
H5,HA,HA,126,116,E
H5,HA,HA,127,117,L
H5,HA,HA,128,118,K
H5,HA,HA,129,119,H
H5,HA,HA,130,120,L
H5,HA,HA,131,121,L
H5,HA,HA,132,122,S
H5,HA,HA,133,123,R
H5,HA,HA,134,124,T
H5,HA,HA,135,125,N
H5,HA,HA,136,126,H
H5,HA,HA,137,127,F
H5,HA,HA,138,128,E
H5,HA,HA,139,129,K
H5,HA,HA,140,130,I
H5,HA,HA,141,131,Q
H5,HA,HA,142,132,I
H5,HA,HA,143,133,I
H5,HA,HA,144,134,P
H5,HA,HA,146,135,K
H5,HA,HA,147,136,S
H5,HA,HA,148,137,S
H5,HA,HA,149,138,W
H5,HA,HA,150,139,S
H5,HA,HA,151,140,N
H5,HA,HA,152,141,H
H5,HA,HA,153,142,D
H5,HA,HA,154,143,A
H5,HA,HA,155,144,S
H5,HA,HA,156,145,S
H5,HA,HA,157,146,G
H5,HA,HA,158,147,V
H5,HA,HA,159,148,S
H5,HA,HA,160,149,S
H5,HA,HA,161,150,A
H5,HA,HA,162,151,C
H5,HA,HA,163,152,P
H5,HA,HA,164,153,Y
H5,HA,HA,165,154,H
H5,HA,HA,166,155,G
H5,HA,HA,167,156,R
H5,HA,HA,168,157,S
H5,HA,HA,169,158,S
H5,HA,HA,170,159,F
H5,HA,HA,171,160,F
H5,HA,HA,172,161,R
H5,HA,HA,173,162,N
H5,HA,HA,174,163,V
H5,HA,HA,175,164,V
H5,HA,HA,176,165,W
H5,HA,HA,177,166,L
H5,HA,HA,178,167,I
H5,HA,HA,179,168,K
H5,HA,HA,182,169,K
H5,HA,HA,183,170,N
H5,HA,HA,184,171,S
H5,HA,HA,185,172,A
H5,HA,HA,186,173,Y
H5,HA,HA,187,174,P
H5,HA,HA,188,175,T
H5,HA,HA,189,176,I
H5,HA,HA,190,177,K
H5,HA,HA,191,178,R
H5,HA,HA,192,179,S
H5,HA,HA,193,180,Y
H5,HA,HA,194,181,N
H5,HA,HA,195,182,N
H5,HA,HA,196,183,T
H5,HA,HA,197,184,N
H5,HA,HA,198,185,Q
H5,HA,HA,199,186,E
H5,HA,HA,200,187,D
H5,HA,HA,201,188,L
H5,HA,HA,202,189,L
H5,HA,HA,203,190,V
H5,HA,HA,204,191,L
H5,HA,HA,205,192,W
H5,HA,HA,206,193,G
H5,HA,HA,207,194,I
H5,HA,HA,208,195,H
H5,HA,HA,209,196,H
H5,HA,HA,210,197,P
H5,HA,HA,211,198,N
H5,HA,HA,212,199,D
H5,HA,HA,213,200,A
H5,HA,HA,214,201,A
H5,HA,HA,215,202,E
H5,HA,HA,216,203,Q
H5,HA,HA,217,204,T
H5,HA,HA,218,205,K
H5,HA,HA,219,206,L
H5,HA,HA,220,207,Y
H5,HA,HA,221,208,Q
H5,HA,HA,222,209,N
H5,HA,HA,223,210,P
H5,HA,HA,224,211,T
H5,HA,HA,225,212,T
H5,HA,HA,226,213,Y
H5,HA,HA,227,214,I
H5,HA,HA,228,215,S
H5,HA,HA,229,216,V
H5,HA,HA,230,217,G
H5,HA,HA,231,218,T
H5,HA,HA,232,219,S
H5,HA,HA,233,220,T
H5,HA,HA,234,221,L
H5,HA,HA,235,222,N
H5,HA,HA,236,223,Q
H5,HA,HA,237,224,R
H5,HA,HA,238,225,L
H5,HA,HA,239,226,V
H5,HA,HA,240,227,P
H5,HA,HA,241,228,E
H5,HA,HA,242,229,I
H5,HA,HA,243,230,A
H5,HA,HA,244,231,T
H5,HA,HA,245,232,R
H5,HA,HA,246,233,P
H5,HA,HA,247,234,K
H5,HA,HA,248,235,V
H5,HA,HA,249,236,N
H5,HA,HA,250,237,G
H5,HA,HA,251,238,Q
H5,HA,HA,252,239,S
H5,HA,HA,253,240,G
H5,HA,HA,254,241,R
H5,HA,HA,255,242,M
H5,HA,HA,256,243,E
H5,HA,HA,257,244,F
H5,HA,HA,258,245,F
H5,HA,HA,259,246,W
H5,HA,HA,260,247,T
H5,HA,HA,261,248,I
H5,HA,HA,262,249,L
H5,HA,HA,263,250,K
H5,HA,HA,264,251,P
H5,HA,HA,265,252,N
H5,HA,HA,266,253,D
H5,HA,HA,267,254,A
H5,HA,HA,268,255,I
H5,HA,HA,269,256,N
H5,HA,HA,270,257,F
H5,HA,HA,271,258,E
H5,HA,HA,272,259,S
H5,HA,HA,273,260,N
H5,HA,HA,274,261,G
H5,HA,HA,275,262,N
H5,HA,HA,276,263,F
H5,HA,HA,277,264,I
H5,HA,HA,278,265,A
H5,HA,HA,279,266,P
H5,HA,HA,280,267,E
H5,HA,HA,281,268,Y
H5,HA,HA,282,269,A
H5,HA,HA,283,270,Y
H5,HA,HA,284,271,K
H5,HA,HA,285,272,I
H5,HA,HA,286,273,V
H5,HA,HA,287,274,K
H5,HA,HA,288,275,K
H5,HA,HA,289,276,G
H5,HA,HA,290,277,D
H5,HA,HA,291,278,S
H5,HA,HA,292,279,A
H5,HA,HA,293,280,I
H5,HA,HA,294,281,M
H5,HA,HA,295,282,K
H5,HA,HA,296,283,S
H5,HA,HA,297,284,E
H5,HA,HA,298,285,L
H5,HA,HA,299,286,E
H5,HA,HA,301,287,Y
H5,HA,HA,302,288,G
H5,HA,HA,303,289,N
H5,HA,HA,304,290,C
H5,HA,HA,305,291,N
H5,HA,HA,306,292,T
H5,HA,HA,307,293,K
H5,HA,HA,308,294,C
H5,HA,HA,309,295,Q
H5,HA,HA,310,296,T
H5,HA,HA,311,297,P
H5,HA,HA,312,298,M
H5,HA,HA,313,299,G
H5,HA,HA,314,300,A
H5,HA,HA,315,301,I
H5,HA,HA,316,302,N
H5,HA,HA,317,303,S
H5,HA,HA,318,304,S
H5,HA,HA,319,305,M
H5,HA,HA,320,306,P
H5,HA,HA,321,307,F
H5,HA,HA,322,308,H
H5,HA,HA,323,309,N
H5,HA,HA,324,310,I
H5,HA,HA,325,311,H
H5,HA,HA,326,312,P
H5,HA,HA,327,313,L
H5,HA,HA,328,314,T
H5,HA,HA,329,315,I
H5,HA,HA,330,316,G
H5,HA,HA,331,317,E
H5,HA,HA,332,318,C
H5,HA,HA,333,319,P
H5,HA,HA,334,320,K
H5,HA,HA,335,321,Y
H5,HA,HA,336,322,V
H5,HA,HA,337,323,K
H5,HA,HA,338,324,S
H5,HA,HA,339,325,N
H5,HA,HA,340,326,R
H5,HA,HA,341,327,L
H5,HA,HA,342,328,V
H5,HA,HA,343,329,L
H5,HA,HA,344,330,A
H5,HA,HA,345,331,T
H5,HA,HA,346,332,G
H5,HA,HA,347,333,L
H5,HA,HA,348,334,R
H5,HA,HA,349,335,N
H5,HA,HA,350,336,T
H5,HA,HA,351,337,P
H5,HA,HA,352,338,Q
H5,HA,HA,353,339,R
H5,HA,HA,354,340,E
H5,HA,HA,355,341,R
H5,HA,HA,356,342,R
H5,HA,HA,357,343,R
H5,HA,HA,358,344,K
H5,HA,HA,359,345,K
H5,HA,HA,360,346,R
H5,HA,HA,361,347,G
H5,HA,HA,362,348,L
H5,HA,HA,363,349,F
H5,HA,HA,364,350,G
H5,HA,HA,365,351,A
H5,HA,HA,366,352,I
H5,HA,HA,367,353,A
H5,HA,HA,368,354,G
H5,HA,HA,369,355,F
H5,HA,HA,370,356,I
H5,HA,HA,371,357,E
H5,HA,HA,372,358,G
H5,HA,HA,373,359,G
H5,HA,HA,374,360,W
H5,HA,HA,375,361,Q
H5,HA,HA,376,362,G
H5,HA,HA,377,363,M
H5,HA,HA,378,364,V
H5,HA,HA,379,365,D
H5,HA,HA,380,366,G
H5,HA,HA,381,367,W
H5,HA,HA,382,368,Y
H5,HA,HA,383,369,G
H5,HA,HA,384,370,Y
H5,HA,HA,385,371,H
H5,HA,HA,386,372,H
H5,HA,HA,387,373,S
H5,HA,HA,388,374,N
H5,HA,HA,389,375,E
H5,HA,HA,390,376,Q
H5,HA,HA,391,377,G
H5,HA,HA,392,378,S
H5,HA,HA,393,379,G
H5,HA,HA,394,380,Y
H5,HA,HA,395,381,A
H5,HA,HA,396,382,A
H5,HA,HA,397,383,D
H5,HA,HA,398,384,K
H5,HA,HA,399,385,E
H5,HA,HA,400,386,S
H5,HA,HA,401,387,T
H5,HA,HA,402,388,Q
H5,HA,HA,403,389,K
H5,HA,HA,404,390,A
H5,HA,HA,405,391,I
H5,HA,HA,406,392,D
H5,HA,HA,407,393,G
H5,HA,HA,408,394,V
H5,HA,HA,409,395,T
H5,HA,HA,410,396,N
H5,HA,HA,411,397,K
H5,HA,HA,412,398,V
H5,HA,HA,413,399,N
H5,HA,HA,414,400,S
H5,HA,HA,415,401,I
H5,HA,HA,416,402,I
H5,HA,HA,417,403,D
H5,HA,HA,418,404,K
H5,HA,HA,419,405,M
H5,HA,HA,420,406,N
H5,HA,HA,421,407,T
H5,HA,HA,422,408,Q
H5,HA,HA,423,409,F
H5,HA,HA,424,410,E
H5,HA,HA,425,411,A
H5,HA,HA,426,412,V
H5,HA,HA,427,413,G
H5,HA,HA,428,414,R
H5,HA,HA,429,415,E
H5,HA,HA,430,416,F
H5,HA,HA,431,417,N
H5,HA,HA,432,418,N
H5,HA,HA,433,419,L
H5,HA,HA,434,420,E
H5,HA,HA,435,421,R
H5,HA,HA,436,422,R
H5,HA,HA,437,423,I
H5,HA,HA,438,424,E
H5,HA,HA,439,425,N
H5,HA,HA,440,426,L
H5,HA,HA,441,427,N
H5,HA,HA,442,428,K
H5,HA,HA,443,429,Q
H5,HA,HA,444,430,M
H5,HA,HA,445,431,E
H5,HA,HA,446,432,D
H5,HA,HA,447,433,G
H5,HA,HA,448,434,F
H5,HA,HA,449,435,L
H5,HA,HA,450,436,D
H5,HA,HA,451,437,V
H5,HA,HA,452,438,W
H5,HA,HA,453,439,T
H5,HA,HA,454,440,Y
H5,HA,HA,455,441,N
H5,HA,HA,456,442,A
H5,HA,HA,457,443,E
H5,HA,HA,458,444,L
H5,HA,HA,459,445,L
H5,HA,HA,460,446,V
H5,HA,HA,461,447,L
H5,HA,HA,462,448,M
H5,HA,HA,463,449,E
H5,HA,HA,464,450,N
H5,HA,HA,465,451,E
H5,HA,HA,466,452,R
H5,HA,HA,467,453,T
H5,HA,HA,468,454,L
H5,HA,HA,469,455,D
H5,HA,HA,470,456,F
H5,HA,HA,471,457,H
H5,HA,HA,472,458,D
H5,HA,HA,473,459,S
H5,HA,HA,474,460,N
H5,HA,HA,475,461,V
H5,HA,HA,476,462,K
H5,HA,HA,477,463,N
H5,HA,HA,478,464,L
H5,HA,HA,479,465,Y
H5,HA,HA,480,466,D
H5,HA,HA,481,467,K
H5,HA,HA,482,468,V
H5,HA,HA,483,469,R
H5,HA,HA,484,470,L
H5,HA,HA,485,471,Q
H5,HA,HA,486,472,L
H5,HA,HA,487,473,R
H5,HA,HA,488,474,D
H5,HA,HA,489,475,N
H5,HA,HA,490,476,A
H5,HA,HA,491,477,K
H5,HA,HA,492,478,E
H5,HA,HA,493,479,L
H5,HA,HA,494,480,G
H5,HA,HA,495,481,N
H5,HA,HA,496,482,G
H5,HA,HA,497,483,C
H5,HA,HA,498,484,F
H5,HA,HA,499,485,E
H5,HA,HA,500,486,F
H5,HA,HA,501,487,Y
H5,HA,HA,502,488,H
H5,HA,HA,503,489,K
H5,HA,HA,504,490,C
H5,HA,HA,505,491,D
H5,HA,HA,506,492,N
H5,HA,HA,507,493,E
H5,HA,HA,508,494,C
H5,HA,HA,509,495,M
H5,HA,HA,510,496,E
H5,HA,HA,511,497,S
H5,HA,HA,512,498,V
H5,HA,HA,513,499,K
H5,HA,HA,514,500,N
H5,HA,HA,515,501,G
H5,HA,HA,516,502,T
H5,HA,HA,517,503,Y
H5,HA,HA,518,504,D
H5,HA,HA,519,505,Y
H5,HA,HA,520,506,P
H5,HA,HA,521,507,Q
H5,HA,HA,522,508,Y
H5,HA,HA,523,509,S
H5,HA,HA,524,510,E
H5,HA,HA,525,511,E
H5,HA,HA,526,512,A
H5,HA,HA,527,513,R
H5,HA,HA,528,514,L
H5,HA,HA,529,515,N
H5,HA,HA,530,516,R
H5,HA,HA,531,517,E
H5,HA,HA,532,518,E
H5,HA,HA,533,519,I
H5,HA,HA,534,520,S
H5,HA,HA,535,521,G
H5,HA,HA,536,522,V
H5,HA,HA,537,523,K
H5,HA,HA,538,524,L
H5,HA,HA,539,525,E
H5,HA,HA,540,526,S
H5,HA,HA,541,527,M
H5,HA,HA,542,528,G
H5,HA,HA,543,529,T
H5,HA,HA,544,530,Y
H5,HA,HA,545,531,Q
H5,HA,HA,546,532,I
H5,HA,HA,547,533,L
H5,HA,HA,548,534,S
H5,HA,HA,549,535,I
H5,HA,HA,550,536,Y
H5,HA,HA,551,537,S
H5,HA,HA,552,538,T
H5,HA,HA,553,539,V
H5,HA,HA,554,540,A
H5,HA,HA,555,541,S
H5,HA,HA,556,542,S
H5,HA,HA,557,543,L
H5,HA,HA,558,544,A
H5,HA,HA,559,545,L
H5,HA,HA,560,546,A
H5,HA,HA,561,547,I
H5,HA,HA,562,548,M
H5,HA,HA,563,549,V
H5,HA,HA,564,550,A
H5,HA,HA,565,551,G
H5,HA,HA,566,552,L
H5,HA,HA,567,553,S
H5,HA,HA,568,554,L
H5,HA,HA,569,555,W
H5,HA,HA,570,556,M
H5,HA,HA,571,557,C
H5,HA,HA,572,558,S
H5,HA,HA,573,559,N
H5,HA,HA,574,560,G
H5,HA,HA,575,561,S
H5,HA,HA,576,562,L
H5,HA,HA,577,563,Q
H5,HA,HA,578,564,C
H5,HA,HA,579,565,R
H5,HA,HA,580,566,I
H5,HA,HA,581,567,C
H5,HA,HA,582,568,I
H5,HA,HA,583,569,*
H7,HA,HA,1,1,M
H7,HA,HA,2,2,N
H7,HA,HA,3,3,T
H7,HA,HA,4,4,Q
H7,HA,HA,5,5,I
H7,HA,HA,6,6,L
H7,HA,HA,7,7,V
H7,HA,HA,8,8,F
H7,HA,HA,9,9,A
H7,HA,HA,10,10,L
H7,HA,HA,11,11,I
H7,HA,HA,12,12,A
H7,HA,HA,13,13,I
H7,HA,HA,14,14,I
H7,HA,HA,15,15,P
H7,HA,HA,24,16,T
H7,HA,HA,25,17,N
H7,HA,HA,26,18,A
H7,HA,HA,27,19,D
H7,HA,HA,28,20,K
H7,HA,HA,29,21,I
H7,HA,HA,30,22,C
H7,HA,HA,31,23,L
H7,HA,HA,32,24,G
H7,HA,HA,33,25,H
H7,HA,HA,34,26,H
H7,HA,HA,35,27,A
H7,HA,HA,36,28,V
H7,HA,HA,37,29,S
H7,HA,HA,38,30,N
H7,HA,HA,39,31,G
H7,HA,HA,40,32,T
H7,HA,HA,41,33,K
H7,HA,HA,42,34,V
H7,HA,HA,43,35,N
H7,HA,HA,44,36,T
H7,HA,HA,45,37,L
H7,HA,HA,46,38,T
H7,HA,HA,47,39,E
H7,HA,HA,48,40,R
H7,HA,HA,49,41,G
H7,HA,HA,50,42,V
H7,HA,HA,51,43,E
H7,HA,HA,52,44,V
H7,HA,HA,53,45,V
H7,HA,HA,54,46,N
H7,HA,HA,55,47,A
H7,HA,HA,56,48,T
H7,HA,HA,57,49,E
H7,HA,HA,58,50,T
H7,HA,HA,59,51,V
H7,HA,HA,60,52,E
H7,HA,HA,61,53,R
H7,HA,HA,62,54,T
H7,HA,HA,63,55,N
H7,HA,HA,64,56,I
H7,HA,HA,65,57,P
H7,HA,HA,66,58,R
H7,HA,HA,67,59,I
H7,HA,HA,68,60,C
H7,HA,HA,69,61,S
H7,HA,HA,71,62,K
H7,HA,HA,72,63,G
H7,HA,HA,73,64,K
H7,HA,HA,74,65,R
H7,HA,HA,75,66,T
H7,HA,HA,76,67,V
H7,HA,HA,77,68,D
H7,HA,HA,78,69,L
H7,HA,HA,79,70,G
H7,HA,HA,80,71,Q
H7,HA,HA,81,72,C
H7,HA,HA,82,73,G
H7,HA,HA,83,74,L
H7,HA,HA,84,75,L
H7,HA,HA,85,76,G
H7,HA,HA,86,77,T
H7,HA,HA,87,78,I
H7,HA,HA,88,79,T
H7,HA,HA,89,80,G
H7,HA,HA,90,81,P
H7,HA,HA,91,82,P
H7,HA,HA,92,83,Q
H7,HA,HA,93,84,C
H7,HA,HA,94,85,D
H7,HA,HA,95,86,Q
H7,HA,HA,96,87,F
H7,HA,HA,97,88,L
H7,HA,HA,98,89,E
H7,HA,HA,100,90,F
H7,HA,HA,101,91,S
H7,HA,HA,102,92,A
H7,HA,HA,103,93,D
H7,HA,HA,104,94,L
H7,HA,HA,105,95,I
H7,HA,HA,106,96,I
H7,HA,HA,107,97,E
H7,HA,HA,108,98,R
H7,HA,HA,109,99,R
H7,HA,HA,110,100,E
H7,HA,HA,111,101,G
H7,HA,HA,113,102,S
H7,HA,HA,114,103,D
H7,HA,HA,115,104,V
H7,HA,HA,116,105,C
H7,HA,HA,117,106,Y
H7,HA,HA,118,107,P
H7,HA,HA,119,108,G
H7,HA,HA,120,109,K
H7,HA,HA,121,110,F
H7,HA,HA,122,111,V
H7,HA,HA,123,112,N
H7,HA,HA,124,113,E
H7,HA,HA,125,114,E
H7,HA,HA,126,115,A
H7,HA,HA,127,116,L
H7,HA,HA,128,117,R
H7,HA,HA,129,118,Q
H7,HA,HA,130,119,I
H7,HA,HA,131,120,L
H7,HA,HA,132,121,R
H7,HA,HA,133,122,E
H7,HA,HA,134,123,S
H7,HA,HA,135,124,G
H7,HA,HA,136,125,G
H7,HA,HA,137,126,I
H7,HA,HA,138,127,D
H7,HA,HA,139,128,K
H7,HA,HA,140,129,E
H7,HA,HA,141,130,A
H7,HA,HA,142,131,M
H7,HA,HA,146,132,G
H7,HA,HA,147,133,F
H7,HA,HA,148,134,T
H7,HA,HA,149,135,Y
H7,HA,HA,150,136,S
H7,HA,HA,151,137,G
H7,HA,HA,153,138,I
H7,HA,HA,154,139,R
H7,HA,HA,155,140,T
H7,HA,HA,156,141,N
H7,HA,HA,157,142,G
H7,HA,HA,158,143,A
H7,HA,HA,159,144,T
H7,HA,HA,160,145,S
H7,HA,HA,161,146,A
H7,HA,HA,162,147,C
H7,HA,HA,163,148,R
H7,HA,HA,164,149,R
H7,HA,HA,165,150,S
H7,HA,HA,166,151,G
H7,HA,HA,168,152,S
H7,HA,HA,169,153,S
H7,HA,HA,170,154,F
H7,HA,HA,171,155,Y
H7,HA,HA,172,156,A
H7,HA,HA,173,157,E
H7,HA,HA,174,158,M
H7,HA,HA,175,159,K
H7,HA,HA,176,160,W
H7,HA,HA,177,161,L
H7,HA,HA,178,162,L
H7,HA,HA,179,163,S
H7,HA,HA,180,164,N
H7,HA,HA,181,165,T
H7,HA,HA,182,166,D
H7,HA,HA,183,167,N
H7,HA,HA,184,168,A
H7,HA,HA,185,169,A
H7,HA,HA,186,170,F
H7,HA,HA,187,171,P
H7,HA,HA,188,172,Q
H7,HA,HA,189,173,M
H7,HA,HA,190,174,T
H7,HA,HA,191,175,K
H7,HA,HA,192,176,S
H7,HA,HA,193,177,Y
H7,HA,HA,194,178,K
H7,HA,HA,195,179,N
H7,HA,HA,196,180,T
H7,HA,HA,197,181,R
H7,HA,HA,198,182,K
H7,HA,HA,199,183,S
H7,HA,HA,200,184,P
H7,HA,HA,201,185,A
H7,HA,HA,202,186,L
H7,HA,HA,203,187,I
H7,HA,HA,204,188,V
H7,HA,HA,205,189,W
H7,HA,HA,206,190,G
H7,HA,HA,207,191,I
H7,HA,HA,208,192,H
H7,HA,HA,209,193,H
H7,HA,HA,210,194,S
H7,HA,HA,211,195,V
H7,HA,HA,212,196,S
H7,HA,HA,213,197,T
H7,HA,HA,214,198,A
H7,HA,HA,215,199,E
H7,HA,HA,216,200,Q
H7,HA,HA,217,201,T
H7,HA,HA,218,202,K
H7,HA,HA,219,203,L
H7,HA,HA,220,204,Y
H7,HA,HA,221,205,G
H7,HA,HA,222,206,S
H7,HA,HA,223,207,G
H7,HA,HA,224,208,N
H7,HA,HA,225,209,K
H7,HA,HA,226,210,L
H7,HA,HA,227,211,V
H7,HA,HA,228,212,T
H7,HA,HA,229,213,V
H7,HA,HA,230,214,G
H7,HA,HA,231,215,S
H7,HA,HA,232,216,S
H7,HA,HA,233,217,N
H7,HA,HA,234,218,Y
H7,HA,HA,235,219,Q
H7,HA,HA,236,220,Q
H7,HA,HA,237,221,S
H7,HA,HA,238,222,F
H7,HA,HA,239,223,V
H7,HA,HA,240,224,P
H7,HA,HA,241,225,S
H7,HA,HA,242,226,P
H7,HA,HA,243,227,G
H7,HA,HA,244,228,A
H7,HA,HA,245,229,R
H7,HA,HA,246,230,P
H7,HA,HA,247,231,Q
H7,HA,HA,248,232,V
H7,HA,HA,249,233,N
H7,HA,HA,250,234,G
H7,HA,HA,251,235,L
H7,HA,HA,252,236,S
H7,HA,HA,253,237,G
H7,HA,HA,254,238,R
H7,HA,HA,255,239,I
H7,HA,HA,256,240,D
H7,HA,HA,257,241,F
H7,HA,HA,258,242,H
H7,HA,HA,259,243,W
H7,HA,HA,260,244,L
H7,HA,HA,261,245,M
H7,HA,HA,262,246,L
H7,HA,HA,263,247,N
H7,HA,HA,264,248,P
H7,HA,HA,265,249,N
H7,HA,HA,266,250,D
H7,HA,HA,267,251,T
H7,HA,HA,268,252,V
H7,HA,HA,269,253,T
H7,HA,HA,270,254,F
H7,HA,HA,271,255,S
H7,HA,HA,272,256,F
H7,HA,HA,273,257,N
H7,HA,HA,274,258,G
H7,HA,HA,275,259,A
H7,HA,HA,276,260,F
H7,HA,HA,277,261,I
H7,HA,HA,278,262,A
H7,HA,HA,279,263,P
H7,HA,HA,280,264,D
H7,HA,HA,281,265,R
H7,HA,HA,282,266,A
H7,HA,HA,283,267,S
H7,HA,HA,284,268,F
H7,HA,HA,285,269,L
H7,HA,HA,286,270,R
H7,HA,HA,287,271,G
H7,HA,HA,289,272,K
H7,HA,HA,290,273,S
H7,HA,HA,291,274,M
H7,HA,HA,292,275,G
H7,HA,HA,294,276,I
H7,HA,HA,295,277,Q
H7,HA,HA,296,278,S
H7,HA,HA,297,279,G
H7,HA,HA,298,280,V
H7,HA,HA,299,281,Q
H7,HA,HA,300,282,V
H7,HA,HA,301,283,D
H7,HA,HA,302,284,A
H7,HA,HA,303,285,N
H7,HA,HA,304,286,C
H7,HA,HA,305,287,E
H7,HA,HA,306,288,G
H7,HA,HA,307,289,D
H7,HA,HA,308,290,C
H7,HA,HA,309,291,Y
H7,HA,HA,310,292,H
H7,HA,HA,311,293,S
H7,HA,HA,312,294,G
H7,HA,HA,313,295,G
H7,HA,HA,314,296,T
H7,HA,HA,315,297,I
H7,HA,HA,316,298,I
H7,HA,HA,317,299,S
H7,HA,HA,318,300,N
H7,HA,HA,319,301,L
H7,HA,HA,320,302,P
H7,HA,HA,321,303,F
H7,HA,HA,322,304,Q
H7,HA,HA,323,305,N
H7,HA,HA,324,306,I
H7,HA,HA,325,307,D
H7,HA,HA,326,308,S
H7,HA,HA,327,309,R
H7,HA,HA,328,310,A
H7,HA,HA,329,311,V
H7,HA,HA,330,312,G
H7,HA,HA,331,313,K
H7,HA,HA,332,314,C
H7,HA,HA,333,315,P
H7,HA,HA,334,316,R
H7,HA,HA,335,317,Y
H7,HA,HA,336,318,V
H7,HA,HA,337,319,K
H7,HA,HA,338,320,Q
H7,HA,HA,339,321,R
H7,HA,HA,340,322,S
H7,HA,HA,341,323,L
H7,HA,HA,342,324,L
H7,HA,HA,343,325,L
H7,HA,HA,344,326,A
H7,HA,HA,345,327,T
H7,HA,HA,346,328,G
H7,HA,HA,347,329,M
H7,HA,HA,348,330,K
H7,HA,HA,349,331,N
H7,HA,HA,350,332,V
H7,HA,HA,351,333,P
H7,HA,HA,352,334,E
H7,HA,HA,353,335,I
H7,HA,HA,354,336,P
H7,HA,HA,358,337,K
H7,HA,HA,359,338,G
H7,HA,HA,360,339,R
H7,HA,HA,361,340,G
H7,HA,HA,362,341,L
H7,HA,HA,363,342,F
H7,HA,HA,364,343,G
H7,HA,HA,365,344,A
H7,HA,HA,366,345,I
H7,HA,HA,367,346,A
H7,HA,HA,368,347,G
H7,HA,HA,369,348,F
H7,HA,HA,370,349,I
H7,HA,HA,371,350,E
H7,HA,HA,372,351,N
H7,HA,HA,373,352,G
H7,HA,HA,374,353,W
H7,HA,HA,375,354,E
H7,HA,HA,376,355,G
H7,HA,HA,377,356,L
H7,HA,HA,378,357,I
H7,HA,HA,379,358,D
H7,HA,HA,380,359,G
H7,HA,HA,381,360,W
H7,HA,HA,382,361,Y
H7,HA,HA,383,362,G
H7,HA,HA,384,363,F
H7,HA,HA,385,364,R
H7,HA,HA,386,365,H
H7,HA,HA,387,366,Q
H7,HA,HA,388,367,N
H7,HA,HA,389,368,A
H7,HA,HA,390,369,Q
H7,HA,HA,391,370,G
H7,HA,HA,392,371,E
H7,HA,HA,393,372,G
H7,HA,HA,394,373,T
H7,HA,HA,395,374,A
H7,HA,HA,396,375,A
H7,HA,HA,397,376,D
H7,HA,HA,398,377,Y
H7,HA,HA,399,378,K
H7,HA,HA,400,379,S
H7,HA,HA,401,380,T
H7,HA,HA,402,381,Q
H7,HA,HA,403,382,S
H7,HA,HA,404,383,A
H7,HA,HA,405,384,I
H7,HA,HA,406,385,D
H7,HA,HA,407,386,Q
H7,HA,HA,408,387,I
H7,HA,HA,409,388,T
H7,HA,HA,410,389,G
H7,HA,HA,411,390,K
H7,HA,HA,412,391,L
H7,HA,HA,413,392,N
H7,HA,HA,414,393,R
H7,HA,HA,415,394,L
H7,HA,HA,416,395,I
H7,HA,HA,417,396,E
H7,HA,HA,418,397,K
H7,HA,HA,419,398,T
H7,HA,HA,420,399,N
H7,HA,HA,421,400,Q
H7,HA,HA,422,401,Q
H7,HA,HA,423,402,F
H7,HA,HA,424,403,E
H7,HA,HA,425,404,L
H7,HA,HA,426,405,I
H7,HA,HA,427,406,D
H7,HA,HA,428,407,N
H7,HA,HA,429,408,E
H7,HA,HA,430,409,F
H7,HA,HA,431,410,N
H7,HA,HA,432,411,E
H7,HA,HA,433,412,V
H7,HA,HA,434,413,E
H7,HA,HA,435,414,K
H7,HA,HA,436,415,Q
H7,HA,HA,437,416,I
H7,HA,HA,438,417,G
H7,HA,HA,439,418,N
H7,HA,HA,440,419,V
H7,HA,HA,441,420,I
H7,HA,HA,442,421,N
H7,HA,HA,443,422,W
H7,HA,HA,444,423,T
H7,HA,HA,445,424,R
H7,HA,HA,446,425,D
H7,HA,HA,447,426,S
H7,HA,HA,448,427,I
H7,HA,HA,449,428,T
H7,HA,HA,450,429,E
H7,HA,HA,451,430,V
H7,HA,HA,452,431,W
H7,HA,HA,453,432,S
H7,HA,HA,454,433,Y
H7,HA,HA,455,434,N
H7,HA,HA,456,435,A
H7,HA,HA,457,436,E
H7,HA,HA,458,437,L
H7,HA,HA,459,438,L
H7,HA,HA,460,439,V
H7,HA,HA,461,440,A
H7,HA,HA,462,441,M
H7,HA,HA,463,442,E
H7,HA,HA,464,443,N
H7,HA,HA,465,444,Q
H7,HA,HA,466,445,H
H7,HA,HA,467,446,T
H7,HA,HA,468,447,I
H7,HA,HA,469,448,D
H7,HA,HA,470,449,L
H7,HA,HA,471,450,A
H7,HA,HA,472,451,D
H7,HA,HA,473,452,S
H7,HA,HA,474,453,E
H7,HA,HA,475,454,M
H7,HA,HA,476,455,D
H7,HA,HA,477,456,K
H7,HA,HA,478,457,L
H7,HA,HA,479,458,Y
H7,HA,HA,480,459,E
H7,HA,HA,481,460,R
H7,HA,HA,482,461,V
H7,HA,HA,483,462,K
H7,HA,HA,484,463,R
H7,HA,HA,485,464,Q
H7,HA,HA,486,465,L
H7,HA,HA,487,466,R
H7,HA,HA,488,467,E
H7,HA,HA,489,468,N
H7,HA,HA,490,469,A
H7,HA,HA,491,470,E
H7,HA,HA,492,471,E
H7,HA,HA,493,472,D
H7,HA,HA,494,473,G
H7,HA,HA,495,474,T
H7,HA,HA,496,475,G
H7,HA,HA,497,476,C
H7,HA,HA,498,477,F
H7,HA,HA,499,478,E
H7,HA,HA,500,479,I
H7,HA,HA,501,480,F
H7,HA,HA,502,481,H
H7,HA,HA,503,482,K
H7,HA,HA,504,483,C
H7,HA,HA,505,484,D
H7,HA,HA,506,485,D
H7,HA,HA,507,486,D
H7,HA,HA,508,487,C
H7,HA,HA,509,488,M
H7,HA,HA,510,489,A
H7,HA,HA,511,490,S
H7,HA,HA,512,491,I
H7,HA,HA,513,492,R
H7,HA,HA,514,493,N
H7,HA,HA,515,494,N
H7,HA,HA,516,495,T
H7,HA,HA,517,496,Y
H7,HA,HA,518,497,D
H7,HA,HA,519,498,H
H7,HA,HA,520,499,S
H7,HA,HA,521,500,K
H7,HA,HA,522,501,Y
H7,HA,HA,523,502,R
H7,HA,HA,524,503,E
H7,HA,HA,525,504,E
H7,HA,HA,526,505,A
H7,HA,HA,527,506,M
H7,HA,HA,528,507,Q
H7,HA,HA,529,508,N
H7,HA,HA,530,509,R
H7,HA,HA,531,510,I
H7,HA,HA,532,511,Q
H7,HA,HA,533,512,I
H7,HA,HA,534,513,D
H7,HA,HA,535,514,P
H7,HA,HA,536,515,V
H7,HA,HA,537,516,K
H7,HA,HA,538,517,L
H7,HA,HA,539,518,S
H7,HA,HA,540,519,S
H7,HA,HA,542,520,G
H7,HA,HA,543,521,Y
H7,HA,HA,544,522,K
H7,HA,HA,545,523,D
H7,HA,HA,546,524,V
H7,HA,HA,547,525,I
H7,HA,HA,548,526,L
H7,HA,HA,549,527,W
H7,HA,HA,550,528,F
H7,HA,HA,551,529,S
H7,HA,HA,552,530,F
H7,HA,HA,553,531,G
H7,HA,HA,554,532,A
H7,HA,HA,555,533,S
H7,HA,HA,556,534,C
H7,HA,HA,557,535,F
H7,HA,HA,558,536,I
H7,HA,HA,559,537,L
H7,HA,HA,560,538,L
H7,HA,HA,561,539,A
H7,HA,HA,562,540,I
H7,HA,HA,563,541,V
H7,HA,HA,564,542,M
H7,HA,HA,565,543,G
H7,HA,HA,566,544,L
H7,HA,HA,567,545,V
H7,HA,HA,568,546,F
H7,HA,HA,569,547,I
H7,HA,HA,570,548,C
H7,HA,HA,571,549,V
H7,HA,HA,572,550,K
H7,HA,HA,573,551,N
H7,HA,HA,574,552,G
H7,HA,HA,575,553,N
H7,HA,HA,576,554,M
H7,HA,HA,577,555,R
H7,HA,HA,578,556,C
H7,HA,HA,579,557,T
H7,HA,HA,580,558,I
H7,HA,HA,581,559,C
H7,HA,HA,582,560,I
H7,HA,HA,583,561,*
H9,HA,HA,1,1,M
H9,HA,HA,2,2,E
H9,HA,HA,3,3,T
H9,HA,HA,4,4,I
H9,HA,HA,5,5,S
H9,HA,HA,6,6,L
H9,HA,HA,7,7,I
H9,HA,HA,8,8,T
H9,HA,HA,9,9,I
H9,HA,HA,10,10,L
H9,HA,HA,11,11,L
H9,HA,HA,12,12,V
H9,HA,HA,13,13,V
H9,HA,HA,14,14,T
H9,HA,HA,15,15,A
H9,HA,HA,24,16,S
H9,HA,HA,25,17,N
H9,HA,HA,26,18,A
H9,HA,HA,27,19,D
H9,HA,HA,28,20,K
H9,HA,HA,29,21,I
H9,HA,HA,30,22,C
H9,HA,HA,31,23,I
H9,HA,HA,32,24,G
H9,HA,HA,33,25,H
H9,HA,HA,34,26,Q
H9,HA,HA,35,27,S
H9,HA,HA,36,28,T
H9,HA,HA,37,29,N
H9,HA,HA,38,30,S
H9,HA,HA,39,31,T
H9,HA,HA,40,32,E
H9,HA,HA,41,33,T
H9,HA,HA,42,34,V
H9,HA,HA,43,35,D
H9,HA,HA,44,36,T
H9,HA,HA,45,37,L
H9,HA,HA,46,38,T
H9,HA,HA,47,39,E
H9,HA,HA,48,40,T
H9,HA,HA,49,41,N
H9,HA,HA,50,42,V
H9,HA,HA,51,43,P
H9,HA,HA,52,44,V
H9,HA,HA,53,45,T
H9,HA,HA,54,46,H
H9,HA,HA,55,47,A
H9,HA,HA,56,48,K
H9,HA,HA,57,49,E
H9,HA,HA,58,50,L
H9,HA,HA,59,51,L
H9,HA,HA,60,52,H
H9,HA,HA,61,53,T
H9,HA,HA,62,54,E
H9,HA,HA,63,55,H
H9,HA,HA,64,56,N
H9,HA,HA,65,57,G
H9,HA,HA,66,58,M
H9,HA,HA,67,59,L
H9,HA,HA,68,60,C
H9,HA,HA,69,61,A
H9,HA,HA,70,62,T
H9,HA,HA,71,63,S
H9,HA,HA,72,64,L
H9,HA,HA,73,65,G
H9,HA,HA,74,66,H
H9,HA,HA,75,67,P
H9,HA,HA,76,68,L
H9,HA,HA,77,69,I
H9,HA,HA,78,70,L
H9,HA,HA,79,71,D
H9,HA,HA,80,72,T
H9,HA,HA,81,73,C
H9,HA,HA,82,74,T
H9,HA,HA,83,75,I
H9,HA,HA,84,76,E
H9,HA,HA,85,77,G
H9,HA,HA,86,78,L
H9,HA,HA,87,79,V
H9,HA,HA,88,80,Y
H9,HA,HA,89,81,G
H9,HA,HA,90,82,N
H9,HA,HA,91,83,P
H9,HA,HA,92,84,S
H9,HA,HA,93,85,C
H9,HA,HA,94,86,D
H9,HA,HA,95,87,L
H9,HA,HA,96,88,L
H9,HA,HA,97,89,L
H9,HA,HA,98,90,G
H9,HA,HA,99,91,G
H9,HA,HA,100,92,R
H9,HA,HA,101,93,E
H9,HA,HA,102,94,W
H9,HA,HA,103,95,S
H9,HA,HA,104,96,Y
H9,HA,HA,105,97,I
H9,HA,HA,106,98,V
H9,HA,HA,107,99,E
H9,HA,HA,108,100,R
H9,HA,HA,109,101,S
H9,HA,HA,110,102,S
H9,HA,HA,111,103,A
H9,HA,HA,112,104,V
H9,HA,HA,113,105,N
H9,HA,HA,114,106,G
H9,HA,HA,115,107,T
H9,HA,HA,116,108,C
H9,HA,HA,117,109,Y
H9,HA,HA,118,110,P
H9,HA,HA,119,111,G
H9,HA,HA,120,112,N
H9,HA,HA,121,113,V
H9,HA,HA,122,114,E
H9,HA,HA,123,115,N
H9,HA,HA,124,116,L
H9,HA,HA,125,117,E
H9,HA,HA,126,118,E
H9,HA,HA,127,119,L
H9,HA,HA,128,120,R
H9,HA,HA,129,121,T
H9,HA,HA,130,122,L
H9,HA,HA,131,123,F
H9,HA,HA,132,124,S
H9,HA,HA,133,125,S
H9,HA,HA,134,126,A
H9,HA,HA,135,127,S
H9,HA,HA,136,128,S
H9,HA,HA,137,129,Y
H9,HA,HA,138,130,Q
H9,HA,HA,139,131,R
H9,HA,HA,140,132,I
H9,HA,HA,141,133,Q
H9,HA,HA,142,134,I
H9,HA,HA,143,135,F
H9,HA,HA,144,136,P
H9,HA,HA,146,137,D
H9,HA,HA,147,138,T
H9,HA,HA,148,139,T
H9,HA,HA,149,140,W
H9,HA,HA,150,141,N
H9,HA,HA,153,142,V
H9,HA,HA,154,143,T
H9,HA,HA,155,144,Y
H9,HA,HA,156,145,T
H9,HA,HA,157,146,G
H9,HA,HA,158,147,T
H9,HA,HA,159,148,S
H9,HA,HA,160,149,R
H9,HA,HA,161,150,A
H9,HA,HA,162,151,C
H9,HA,HA,163,152,S
H9,HA,HA,168,153,G
H9,HA,HA,169,154,S
H9,HA,HA,170,155,F
H9,HA,HA,171,156,Y
H9,HA,HA,172,157,R
H9,HA,HA,173,158,S
H9,HA,HA,174,159,M
H9,HA,HA,175,160,R
H9,HA,HA,176,161,W
H9,HA,HA,177,162,L
H9,HA,HA,178,163,T
H9,HA,HA,179,164,Q
H9,HA,HA,182,165,K
H9,HA,HA,183,166,S
H9,HA,HA,184,167,G
H9,HA,HA,185,168,F
H9,HA,HA,186,169,Y
H9,HA,HA,187,170,P
H9,HA,HA,188,171,V
H9,HA,HA,189,172,Q
H9,HA,HA,190,173,D
H9,HA,HA,191,174,A
H9,HA,HA,192,175,Q
H9,HA,HA,193,176,Y
H9,HA,HA,194,177,T
H9,HA,HA,195,178,N
H9,HA,HA,196,179,N
H9,HA,HA,197,180,R
H9,HA,HA,198,181,G
H9,HA,HA,199,182,K
H9,HA,HA,200,183,S
H9,HA,HA,201,184,I
H9,HA,HA,202,185,L
H9,HA,HA,203,186,F
H9,HA,HA,204,187,V
H9,HA,HA,205,188,W
H9,HA,HA,206,189,G
H9,HA,HA,207,190,I
H9,HA,HA,208,191,H
H9,HA,HA,209,192,H
H9,HA,HA,210,193,P
H9,HA,HA,211,194,P
H9,HA,HA,212,195,T
H9,HA,HA,213,196,Y
H9,HA,HA,214,197,T
H9,HA,HA,215,198,E
H9,HA,HA,216,199,Q
H9,HA,HA,217,200,T
H9,HA,HA,218,201,N
H9,HA,HA,219,202,L
H9,HA,HA,220,203,Y
H9,HA,HA,221,204,I
H9,HA,HA,222,205,R
H9,HA,HA,223,206,N
H9,HA,HA,224,207,D
H9,HA,HA,225,208,T
H9,HA,HA,226,209,T
H9,HA,HA,227,210,T
H9,HA,HA,228,211,S
H9,HA,HA,229,212,V
H9,HA,HA,230,213,T
H9,HA,HA,231,214,T
H9,HA,HA,232,215,E
H9,HA,HA,233,216,D
H9,HA,HA,234,217,L
H9,HA,HA,235,218,N
H9,HA,HA,236,219,R
H9,HA,HA,237,220,T
H9,HA,HA,238,221,F
H9,HA,HA,239,222,K
H9,HA,HA,240,223,P
H9,HA,HA,241,224,V
H9,HA,HA,242,225,I
H9,HA,HA,243,226,G
H9,HA,HA,244,227,P
H9,HA,HA,245,228,R
H9,HA,HA,246,229,P
H9,HA,HA,247,230,L
H9,HA,HA,248,231,V
H9,HA,HA,249,232,N
H9,HA,HA,250,233,G
H9,HA,HA,251,234,L
H9,HA,HA,252,235,Q
H9,HA,HA,253,236,G
H9,HA,HA,254,237,R
H9,HA,HA,255,238,I
H9,HA,HA,256,239,D
H9,HA,HA,257,240,Y
H9,HA,HA,258,241,Y
H9,HA,HA,259,242,W
H9,HA,HA,260,243,S
H9,HA,HA,261,244,V
H9,HA,HA,262,245,L
H9,HA,HA,263,246,K
H9,HA,HA,264,247,P
H9,HA,HA,265,248,G
H9,HA,HA,266,249,Q
H9,HA,HA,267,250,T
H9,HA,HA,268,251,L
H9,HA,HA,269,252,R
H9,HA,HA,270,253,V
H9,HA,HA,271,254,R
H9,HA,HA,272,255,S
H9,HA,HA,273,256,N
H9,HA,HA,274,257,G
H9,HA,HA,275,258,N
H9,HA,HA,276,259,L
H9,HA,HA,277,260,I
H9,HA,HA,278,261,A
H9,HA,HA,279,262,P
H9,HA,HA,280,263,W
H9,HA,HA,281,264,Y
H9,HA,HA,282,265,G
H9,HA,HA,283,266,H
H9,HA,HA,284,267,V
H9,HA,HA,285,268,L
H9,HA,HA,286,269,S
H9,HA,HA,287,270,G
H9,HA,HA,288,271,G
H9,HA,HA,289,272,S
H9,HA,HA,290,273,H
H9,HA,HA,291,274,G
H9,HA,HA,292,275,R
H9,HA,HA,293,276,I
H9,HA,HA,294,277,L
H9,HA,HA,295,278,K
H9,HA,HA,296,279,T
H9,HA,HA,297,280,D
H9,HA,HA,298,281,L
H9,HA,HA,299,282,K
H9,HA,HA,301,283,G
H9,HA,HA,302,284,G
H9,HA,HA,303,285,N
H9,HA,HA,304,286,C
H9,HA,HA,305,287,V
H9,HA,HA,306,288,V
H9,HA,HA,307,289,Q
H9,HA,HA,308,290,C
H9,HA,HA,309,291,Q
H9,HA,HA,310,292,T
H9,HA,HA,311,293,E
H9,HA,HA,312,294,K
H9,HA,HA,313,295,G
H9,HA,HA,314,296,G
H9,HA,HA,315,297,L
H9,HA,HA,316,298,N
H9,HA,HA,317,299,S
H9,HA,HA,318,300,T
H9,HA,HA,319,301,L
H9,HA,HA,320,302,P
H9,HA,HA,321,303,F
H9,HA,HA,322,304,H
H9,HA,HA,323,305,N
H9,HA,HA,324,306,I
H9,HA,HA,325,307,S
H9,HA,HA,326,308,K
H9,HA,HA,327,309,Y
H9,HA,HA,328,310,A
H9,HA,HA,329,311,F
H9,HA,HA,330,312,G
H9,HA,HA,331,313,T
H9,HA,HA,332,314,C
H9,HA,HA,333,315,P
H9,HA,HA,334,316,K
H9,HA,HA,335,317,Y
H9,HA,HA,336,318,V
H9,HA,HA,337,319,R
H9,HA,HA,338,320,V
H9,HA,HA,339,321,N
H9,HA,HA,340,322,S
H9,HA,HA,341,323,L
H9,HA,HA,342,324,K
H9,HA,HA,343,325,L
H9,HA,HA,344,326,A
H9,HA,HA,345,327,V
H9,HA,HA,346,328,G
H9,HA,HA,347,329,L
H9,HA,HA,348,330,R
H9,HA,HA,349,331,N
H9,HA,HA,350,332,V
H9,HA,HA,351,333,P
H9,HA,HA,352,334,A
H9,HA,HA,353,335,R
H9,HA,HA,358,336,S
H9,HA,HA,359,337,S
H9,HA,HA,360,338,R
H9,HA,HA,361,339,G
H9,HA,HA,362,340,L
H9,HA,HA,363,341,F
H9,HA,HA,364,342,G
H9,HA,HA,365,343,A
H9,HA,HA,366,344,I
H9,HA,HA,367,345,A
H9,HA,HA,368,346,G
H9,HA,HA,369,347,F
H9,HA,HA,370,348,I
H9,HA,HA,371,349,E
H9,HA,HA,372,350,G
H9,HA,HA,373,351,G
H9,HA,HA,374,352,W
H9,HA,HA,375,353,P
H9,HA,HA,376,354,G
H9,HA,HA,377,355,L
H9,HA,HA,378,356,V
H9,HA,HA,379,357,A
H9,HA,HA,380,358,G
H9,HA,HA,381,359,W
H9,HA,HA,382,360,Y
H9,HA,HA,383,361,G
H9,HA,HA,384,362,F
H9,HA,HA,385,363,Q
H9,HA,HA,386,364,H
H9,HA,HA,387,365,S
H9,HA,HA,388,366,N
H9,HA,HA,389,367,D
H9,HA,HA,390,368,Q
H9,HA,HA,391,369,G
H9,HA,HA,392,370,V
H9,HA,HA,393,371,G
H9,HA,HA,394,372,M
H9,HA,HA,395,373,A
H9,HA,HA,396,374,A
H9,HA,HA,397,375,D
H9,HA,HA,398,376,R
H9,HA,HA,399,377,D
H9,HA,HA,400,378,S
H9,HA,HA,401,379,T
H9,HA,HA,402,380,Q
H9,HA,HA,403,381,K
H9,HA,HA,404,382,A
H9,HA,HA,405,383,I
H9,HA,HA,406,384,D
H9,HA,HA,407,385,K
H9,HA,HA,408,386,I
H9,HA,HA,409,387,T
H9,HA,HA,410,388,S
H9,HA,HA,411,389,K
H9,HA,HA,412,390,V
H9,HA,HA,413,391,N
H9,HA,HA,414,392,N
H9,HA,HA,415,393,I
H9,HA,HA,416,394,V
H9,HA,HA,417,395,D
H9,HA,HA,418,396,K
H9,HA,HA,419,397,M
H9,HA,HA,420,398,N
H9,HA,HA,421,399,K
H9,HA,HA,422,400,Q
H9,HA,HA,423,401,Y
H9,HA,HA,424,402,E
H9,HA,HA,425,403,I
H9,HA,HA,426,404,I
H9,HA,HA,427,405,D
H9,HA,HA,428,406,H
H9,HA,HA,429,407,E
H9,HA,HA,430,408,F
H9,HA,HA,431,409,S
H9,HA,HA,432,410,E
H9,HA,HA,433,411,V
H9,HA,HA,434,412,E
H9,HA,HA,435,413,T
H9,HA,HA,436,414,R
H9,HA,HA,437,415,L
H9,HA,HA,438,416,N
H9,HA,HA,439,417,M
H9,HA,HA,440,418,I
H9,HA,HA,441,419,N
H9,HA,HA,442,420,N
H9,HA,HA,443,421,K
H9,HA,HA,444,422,I
H9,HA,HA,445,423,D
H9,HA,HA,446,424,D
H9,HA,HA,447,425,Q
H9,HA,HA,448,426,I
H9,HA,HA,449,427,Q
H9,HA,HA,450,428,D
H9,HA,HA,451,429,V
H9,HA,HA,452,430,W
H9,HA,HA,453,431,A
H9,HA,HA,454,432,Y
H9,HA,HA,455,433,N
H9,HA,HA,456,434,A
H9,HA,HA,457,435,E
H9,HA,HA,458,436,L
H9,HA,HA,459,437,L
H9,HA,HA,460,438,V
H9,HA,HA,461,439,L
H9,HA,HA,462,440,L
H9,HA,HA,463,441,E
H9,HA,HA,464,442,N
H9,HA,HA,465,443,Q
H9,HA,HA,466,444,K
H9,HA,HA,467,445,T
H9,HA,HA,468,446,L
H9,HA,HA,469,447,D
H9,HA,HA,470,448,E
H9,HA,HA,471,449,H
H9,HA,HA,472,450,D
H9,HA,HA,473,451,A
H9,HA,HA,474,452,N
H9,HA,HA,475,453,V
H9,HA,HA,476,454,N
H9,HA,HA,477,455,N
H9,HA,HA,478,456,L
H9,HA,HA,479,457,Y
H9,HA,HA,480,458,N
H9,HA,HA,481,459,K
H9,HA,HA,482,460,V
H9,HA,HA,483,461,K
H9,HA,HA,484,462,R
H9,HA,HA,485,463,A
H9,HA,HA,486,464,L
H9,HA,HA,487,465,G
H9,HA,HA,488,466,S
H9,HA,HA,489,467,N
H9,HA,HA,490,468,A
H9,HA,HA,491,469,M
H9,HA,HA,492,470,E
H9,HA,HA,493,471,D
H9,HA,HA,494,472,G
H9,HA,HA,495,473,K
H9,HA,HA,496,474,G
H9,HA,HA,497,475,C
H9,HA,HA,498,476,F
H9,HA,HA,499,477,E
H9,HA,HA,500,478,L
H9,HA,HA,501,479,Y
H9,HA,HA,502,480,H
H9,HA,HA,503,481,K
H9,HA,HA,504,482,C
H9,HA,HA,505,483,D
H9,HA,HA,506,484,D
H9,HA,HA,507,485,Q
H9,HA,HA,508,486,C
H9,HA,HA,509,487,M
H9,HA,HA,510,488,E
H9,HA,HA,511,489,T
H9,HA,HA,512,490,I
H9,HA,HA,513,491,R
H9,HA,HA,514,492,N
H9,HA,HA,515,493,G
H9,HA,HA,516,494,T
H9,HA,HA,517,495,Y
H9,HA,HA,518,496,N
H9,HA,HA,519,497,R
H9,HA,HA,520,498,R
H9,HA,HA,521,499,K
H9,HA,HA,522,500,Y
H9,HA,HA,523,501,R
H9,HA,HA,524,502,E
H9,HA,HA,525,503,E
H9,HA,HA,526,504,S
H9,HA,HA,527,505,R
H9,HA,HA,528,506,L
H9,HA,HA,529,507,E
H9,HA,HA,530,508,R
H9,HA,HA,531,509,Q
H9,HA,HA,532,510,K
H9,HA,HA,533,511,I
H9,HA,HA,534,512,E
H9,HA,HA,535,513,G
H9,HA,HA,536,514,V
H9,HA,HA,537,515,K
H9,HA,HA,538,516,L
H9,HA,HA,539,517,E
H9,HA,HA,540,518,S
H9,HA,HA,541,519,E
H9,HA,HA,542,520,G
H9,HA,HA,543,521,T
H9,HA,HA,544,522,Y
H9,HA,HA,545,523,K
H9,HA,HA,546,524,I
H9,HA,HA,547,525,L
H9,HA,HA,548,526,T
H9,HA,HA,549,527,I
H9,HA,HA,550,528,Y
H9,HA,HA,551,529,S
H9,HA,HA,552,530,T
H9,HA,HA,553,531,V
H9,HA,HA,554,532,A
H9,HA,HA,555,533,S
H9,HA,HA,556,534,S
H9,HA,HA,557,535,L
H9,HA,HA,558,536,V
H9,HA,HA,559,537,L
H9,HA,HA,560,538,A
H9,HA,HA,561,539,M
H9,HA,HA,562,540,G
H9,HA,HA,563,541,F
H9,HA,HA,564,542,A
H9,HA,HA,565,543,A
H9,HA,HA,566,544,F
H9,HA,HA,567,545,L
H9,HA,HA,568,546,F
H9,HA,HA,569,547,W
H9,HA,HA,570,548,A
H9,HA,HA,571,549,M
H9,HA,HA,572,550,S
H9,HA,HA,573,551,N
H9,HA,HA,574,552,G
H9,HA,HA,575,553,S
H9,HA,HA,576,554,C
H9,HA,HA,577,555,R
H9,HA,HA,578,556,C
H9,HA,HA,579,557,N
H9,HA,HA,580,558,I
H9,HA,HA,581,559,C
H9,HA,HA,582,560,I
H9,HA,HA,583,561,*
N1,NA,NA,1,1,M
N1,NA,NA,2,2,N
N1,NA,NA,3,3,P
N1,NA,NA,4,4,N
N1,NA,NA,5,5,Q
N1,NA,NA,6,6,K
N1,NA,NA,7,7,I
N1,NA,NA,8,8,I
N1,NA,NA,9,9,T
N1,NA,NA,10,10,I
N1,NA,NA,11,11,G
N1,NA,NA,12,12,S
N1,NA,NA,13,13,I
N1,NA,NA,14,14,C
N1,NA,NA,15,15,L
N1,NA,NA,16,16,V
N1,NA,NA,17,17,V
N1,NA,NA,18,18,G
N1,NA,NA,19,19,L
N1,NA,NA,20,20,I
N1,NA,NA,21,21,S
N1,NA,NA,22,22,L
N1,NA,NA,23,23,I
N1,NA,NA,24,24,L
N1,NA,NA,25,25,Q
N1,NA,NA,26,26,I
N1,NA,NA,27,27,G
N1,NA,NA,28,28,N
N1,NA,NA,29,29,I
N1,NA,NA,30,30,I
N1,NA,NA,31,31,S
N1,NA,NA,32,32,I
N1,NA,NA,33,33,W
N1,NA,NA,34,34,I
N1,NA,NA,35,35,S
N1,NA,NA,36,36,H
N1,NA,NA,37,37,S
N1,NA,NA,38,38,I
N1,NA,NA,39,39,Q
N1,NA,NA,45,40,T
N1,NA,NA,46,41,G
N1,NA,NA,47,42,S
N1,NA,NA,48,43,Q
N1,NA,NA,49,44,N
N1,NA,NA,50,45,H
N1,NA,NA,51,46,T
N1,NA,NA,52,47,G
N1,NA,NA,53,48,I
N1,NA,NA,54,49,C
N1,NA,NA,55,50,N
N1,NA,NA,56,51,Q
N1,NA,NA,57,52,N
N1,NA,NA,58,53,I
N1,NA,NA,59,54,I
N1,NA,NA,60,55,T
N1,NA,NA,68,56,Y
N1,NA,NA,69,57,K
N1,NA,NA,70,58,N
N1,NA,NA,71,59,S
N1,NA,NA,72,60,T
N1,NA,NA,73,61,W
N1,NA,NA,74,62,V
N1,NA,NA,80,63,K
N1,NA,NA,81,64,D
N1,NA,NA,82,65,T
N1,NA,NA,84,66,T
N1,NA,NA,86,67,S
N1,NA,NA,88,68,V
N1,NA,NA,90,69,I
N1,NA,NA,91,70,L
N1,NA,NA,92,71,T
N1,NA,NA,93,72,G
N1,NA,NA,94,73,N
N1,NA,NA,95,74,S
N1,NA,NA,96,75,S
N1,NA,NA,97,76,L
N1,NA,NA,98,77,C
N1,NA,NA,99,78,P
N1,NA,NA,100,79,I
N1,NA,NA,101,80,R
N1,NA,NA,102,81,G
N1,NA,NA,103,82,W
N1,NA,NA,104,83,A
N1,NA,NA,105,84,I
N1,NA,NA,106,85,Y
N1,NA,NA,107,86,S
N1,NA,NA,108,87,K
N1,NA,NA,109,88,D
N1,NA,NA,110,89,N
N1,NA,NA,111,90,S
N1,NA,NA,112,91,I
N1,NA,NA,113,92,R
N1,NA,NA,114,93,I
N1,NA,NA,115,94,G
N1,NA,NA,116,95,S
N1,NA,NA,117,96,K
N1,NA,NA,118,97,G
N1,NA,NA,119,98,D
N1,NA,NA,120,99,V
N1,NA,NA,121,100,F
N1,NA,NA,122,101,V
N1,NA,NA,123,102,I
N1,NA,NA,124,103,R
N1,NA,NA,125,104,E
N1,NA,NA,126,105,P
N1,NA,NA,127,106,F
N1,NA,NA,128,107,I
N1,NA,NA,129,108,S
N1,NA,NA,130,109,C
N1,NA,NA,131,110,S
N1,NA,NA,132,111,H
N1,NA,NA,133,112,L
N1,NA,NA,134,113,E
N1,NA,NA,135,114,C
N1,NA,NA,136,115,R
N1,NA,NA,137,116,T
N1,NA,NA,138,117,F
N1,NA,NA,139,118,F
N1,NA,NA,140,119,L
N1,NA,NA,141,120,T
N1,NA,NA,142,121,Q
N1,NA,NA,143,122,G
N1,NA,NA,144,123,A
N1,NA,NA,145,124,L
N1,NA,NA,146,125,L
N1,NA,NA,147,126,N
N1,NA,NA,148,127,D
N1,NA,NA,149,128,R
N1,NA,NA,150,129,H
N1,NA,NA,151,130,S
N1,NA,NA,152,131,N
N1,NA,NA,153,132,G
N1,NA,NA,154,133,T
N1,NA,NA,155,134,V
N1,NA,NA,156,135,K
N1,NA,NA,157,136,D
N1,NA,NA,158,137,R
N1,NA,NA,159,138,S
N1,NA,NA,160,139,P
N1,NA,NA,161,140,Y
N1,NA,NA,162,141,R
N1,NA,NA,163,142,A
N1,NA,NA,164,143,L
N1,NA,NA,165,144,M
N1,NA,NA,166,145,S
N1,NA,NA,167,146,C
N1,NA,NA,168,147,P
N1,NA,NA,169,148,V
N1,NA,NA,170,149,G
N1,NA,NA,171,150,E
N1,NA,NA,172,151,A
N1,NA,NA,173,152,P
N1,NA,NA,174,153,S
N1,NA,NA,175,154,P
N1,NA,NA,176,155,Y
N1,NA,NA,177,156,N
N1,NA,NA,178,157,S
N1,NA,NA,179,158,R
N1,NA,NA,180,159,F
N1,NA,NA,181,160,E
N1,NA,NA,182,161,S
N1,NA,NA,183,162,V
N1,NA,NA,184,163,A
N1,NA,NA,185,164,W
N1,NA,NA,186,165,S
N1,NA,NA,187,166,A
N1,NA,NA,188,167,S
N1,NA,NA,189,168,A
N1,NA,NA,190,169,C
N1,NA,NA,191,170,H
N1,NA,NA,192,171,D
N1,NA,NA,193,172,G
N1,NA,NA,194,173,M
N1,NA,NA,195,174,G
N1,NA,NA,196,175,W
N1,NA,NA,197,176,L
N1,NA,NA,198,177,T
N1,NA,NA,199,178,I
N1,NA,NA,200,179,G
N1,NA,NA,201,180,I
N1,NA,NA,202,181,S
N1,NA,NA,203,182,G
N1,NA,NA,204,183,P
N1,NA,NA,205,184,D
N1,NA,NA,206,185,N
N1,NA,NA,207,186,G
N1,NA,NA,208,187,A
N1,NA,NA,209,188,V
N1,NA,NA,210,189,A
N1,NA,NA,211,190,V
N1,NA,NA,212,191,L
N1,NA,NA,213,192,K
N1,NA,NA,214,193,Y
N1,NA,NA,215,194,N
N1,NA,NA,216,195,G
N1,NA,NA,217,196,I
N1,NA,NA,218,197,I
N1,NA,NA,219,198,T
N1,NA,NA,220,199,E
N1,NA,NA,221,200,T
N1,NA,NA,222,201,I
N1,NA,NA,223,202,K
N1,NA,NA,224,203,S
N1,NA,NA,225,204,W
N1,NA,NA,226,205,R
N1,NA,NA,227,206,K
N1,NA,NA,228,207,K
N1,NA,NA,229,208,I
N1,NA,NA,230,209,L
N1,NA,NA,231,210,R
N1,NA,NA,232,211,T
N1,NA,NA,233,212,Q
N1,NA,NA,234,213,E
N1,NA,NA,235,214,S
N1,NA,NA,236,215,E
N1,NA,NA,237,216,C
N1,NA,NA,238,217,A
N1,NA,NA,239,218,C
N1,NA,NA,240,219,V
N1,NA,NA,241,220,N
N1,NA,NA,242,221,G
N1,NA,NA,243,222,S
N1,NA,NA,244,223,C
N1,NA,NA,245,224,F
N1,NA,NA,246,225,T
N1,NA,NA,247,226,I
N1,NA,NA,248,227,M
N1,NA,NA,249,228,T
N1,NA,NA,250,229,D
N1,NA,NA,251,230,G
N1,NA,NA,252,231,P
N1,NA,NA,253,232,S
N1,NA,NA,254,233,D
N1,NA,NA,255,234,G
N1,NA,NA,256,235,L
N1,NA,NA,257,236,A
N1,NA,NA,258,237,S
N1,NA,NA,259,238,Y
N1,NA,NA,260,239,K
N1,NA,NA,261,240,I
N1,NA,NA,262,241,F
N1,NA,NA,263,242,K
N1,NA,NA,264,243,I
N1,NA,NA,265,244,E
N1,NA,NA,266,245,K
N1,NA,NA,267,246,G
N1,NA,NA,268,247,K
N1,NA,NA,269,248,V
N1,NA,NA,270,249,T
N1,NA,NA,271,250,K
N1,NA,NA,272,251,S
N1,NA,NA,273,252,I
N1,NA,NA,274,253,E
N1,NA,NA,275,254,L
N1,NA,NA,276,255,N
N1,NA,NA,277,256,A
N1,NA,NA,278,257,P
N1,NA,NA,279,258,N
N1,NA,NA,280,259,S
N1,NA,NA,281,260,H
N1,NA,NA,282,261,Y
N1,NA,NA,283,262,E
N1,NA,NA,284,263,E
N1,NA,NA,285,264,C
N1,NA,NA,286,265,S
N1,NA,NA,287,266,C
N1,NA,NA,288,267,Y
N1,NA,NA,289,268,P
N1,NA,NA,290,269,D
N1,NA,NA,291,270,T
N1,NA,NA,292,271,G
N1,NA,NA,293,272,K
N1,NA,NA,294,273,V
N1,NA,NA,295,274,M
N1,NA,NA,296,275,C
N1,NA,NA,297,276,V
N1,NA,NA,298,277,C
N1,NA,NA,299,278,R
N1,NA,NA,300,279,D
N1,NA,NA,301,280,N
N1,NA,NA,302,281,W
N1,NA,NA,303,282,H
N1,NA,NA,304,283,G
N1,NA,NA,305,284,S
N1,NA,NA,306,285,N
N1,NA,NA,307,286,R
N1,NA,NA,308,287,P
N1,NA,NA,309,288,W
N1,NA,NA,310,289,V
N1,NA,NA,311,290,S
N1,NA,NA,312,291,F
N1,NA,NA,313,292,D
N1,NA,NA,314,293,Q
N1,NA,NA,315,294,N
N1,NA,NA,317,295,L
N1,NA,NA,318,296,D
N1,NA,NA,319,297,Y
N1,NA,NA,320,298,Q
N1,NA,NA,321,299,I
N1,NA,NA,322,300,G
N1,NA,NA,323,301,Y
N1,NA,NA,324,302,I
N1,NA,NA,325,303,C
N1,NA,NA,326,304,S
N1,NA,NA,327,305,G
N1,NA,NA,328,306,V
N1,NA,NA,329,307,F
N1,NA,NA,330,308,G
N1,NA,NA,331,309,D
N1,NA,NA,332,310,N
N1,NA,NA,333,311,P
N1,NA,NA,334,312,R
N1,NA,NA,335,313,P
N1,NA,NA,336,314,K
N1,NA,NA,337,315,D
N1,NA,NA,338,316,G
N1,NA,NA,339,317,T
N1,NA,NA,342,318,G
N1,NA,NA,343,319,S
N1,NA,NA,344,320,C
N1,NA,NA,345,321,G
N1,NA,NA,347,322,P
N1,NA,NA,348,323,V
N1,NA,NA,349,324,Y
N1,NA,NA,350,325,V
N1,NA,NA,351,326,D
N1,NA,NA,352,327,G
N1,NA,NA,353,328,A
N1,NA,NA,354,329,N
N1,NA,NA,355,330,G
N1,NA,NA,356,331,V
N1,NA,NA,357,332,K
N1,NA,NA,358,333,G
N1,NA,NA,359,334,F
N1,NA,NA,360,335,S
N1,NA,NA,361,336,Y
N1,NA,NA,362,337,R
N1,NA,NA,363,338,Y
N1,NA,NA,364,339,G
N1,NA,NA,365,340,N
N1,NA,NA,366,341,G
N1,NA,NA,367,342,V
N1,NA,NA,368,343,W
N1,NA,NA,369,344,I
N1,NA,NA,370,345,G
N1,NA,NA,371,346,R
N1,NA,NA,372,347,T
N1,NA,NA,373,348,K
N1,NA,NA,374,349,S
N1,NA,NA,375,350,H
N1,NA,NA,376,351,S
N1,NA,NA,377,352,S
N1,NA,NA,378,353,R
N1,NA,NA,379,354,H
N1,NA,NA,380,355,G
N1,NA,NA,381,356,F
N1,NA,NA,382,357,E
N1,NA,NA,383,358,M
N1,NA,NA,384,359,I
N1,NA,NA,385,360,W
N1,NA,NA,386,361,D
N1,NA,NA,387,362,P
N1,NA,NA,388,363,N
N1,NA,NA,389,364,G
N1,NA,NA,390,365,W
N1,NA,NA,391,366,T
N1,NA,NA,392,367,E
N1,NA,NA,393,368,T
N1,NA,NA,394,369,D
N1,NA,NA,395,370,S
N1,NA,NA,396,371,K
N1,NA,NA,397,372,F
N1,NA,NA,398,373,S
N1,NA,NA,399,374,V
N1,NA,NA,401,375,R
N1,NA,NA,402,376,Q
N1,NA,NA,403,377,D
N1,NA,NA,404,378,V
N1,NA,NA,405,379,V
N1,NA,NA,406,380,A
N1,NA,NA,407,381,M
N1,NA,NA,408,382,T
N1,NA,NA,409,383,D
N1,NA,NA,410,384,W
N1,NA,NA,411,385,S
N1,NA,NA,412,386,G
N1,NA,NA,413,387,Y
N1,NA,NA,414,388,S
N1,NA,NA,415,389,G
N1,NA,NA,416,390,S
N1,NA,NA,417,391,F
N1,NA,NA,418,392,V
N1,NA,NA,419,393,Q
N1,NA,NA,420,394,H
N1,NA,NA,421,395,P
N1,NA,NA,422,396,E
N1,NA,NA,423,397,L
N1,NA,NA,424,398,T
N1,NA,NA,425,399,G
N1,NA,NA,426,400,L
N1,NA,NA,427,401,D
N1,NA,NA,428,402,C
N1,NA,NA,429,403,I
N1,NA,NA,430,404,R
N1,NA,NA,431,405,P
N1,NA,NA,432,406,C
N1,NA,NA,433,407,F
N1,NA,NA,434,408,W
N1,NA,NA,435,409,V
N1,NA,NA,436,410,E
N1,NA,NA,437,411,L
N1,NA,NA,438,412,I
N1,NA,NA,439,413,R
N1,NA,NA,440,414,G
N1,NA,NA,441,415,R
N1,NA,NA,442,416,P
N1,NA,NA,443,417,K
N1,NA,NA,444,418,E
N1,NA,NA,445,419,K
N1,NA,NA,446,420,T
N1,NA,NA,447,421,I
N1,NA,NA,449,422,W
N1,NA,NA,450,423,T
N1,NA,NA,451,424,S
N1,NA,NA,452,425,A
N1,NA,NA,453,426,S
N1,NA,NA,454,427,S
N1,NA,NA,455,428,I
N1,NA,NA,456,429,S
N1,NA,NA,457,430,F
N1,NA,NA,458,431,C
N1,NA,NA,459,432,G
N1,NA,NA,460,433,V
N1,NA,NA,461,434,N
N1,NA,NA,462,435,S
N1,NA,NA,463,436,D
N1,NA,NA,464,437,T
N1,NA,NA,465,438,V
N1,NA,NA,466,439,D
N1,NA,NA,467,440,W
N1,NA,NA,468,441,S
N1,NA,NA,469,442,W
N1,NA,NA,470,443,P
N1,NA,NA,471,444,D
N1,NA,NA,472,445,G
N1,NA,NA,473,446,A
N1,NA,NA,474,447,E
N1,NA,NA,475,448,L
N1,NA,NA,476,449,P
N1,NA,NA,477,450,F
N1,NA,NA,478,451,T
N1,NA,NA,479,452,I
N1,NA,NA,480,453,D
N1,NA,NA,481,454,K
N1,NA,NA,482,455,*
N2,NA,NA,1,1,M
N2,NA,NA,2,2,N
N2,NA,NA,3,3,P
N2,NA,NA,4,4,N
N2,NA,NA,5,5,Q
N2,NA,NA,6,6,K
N2,NA,NA,7,7,I
N2,NA,NA,8,8,I
N2,NA,NA,9,9,T
N2,NA,NA,10,10,I
N2,NA,NA,11,11,G
N2,NA,NA,12,12,S
N2,NA,NA,13,13,V
N2,NA,NA,14,14,S
N2,NA,NA,15,15,L
N2,NA,NA,16,16,T
N2,NA,NA,17,17,I
N2,NA,NA,18,18,A
N2,NA,NA,19,19,T
N2,NA,NA,20,20,V
N2,NA,NA,21,21,C
N2,NA,NA,22,22,F
N2,NA,NA,23,23,L
N2,NA,NA,24,24,M
N2,NA,NA,25,25,Q
N2,NA,NA,26,26,I
N2,NA,NA,27,27,A
N2,NA,NA,28,28,I
N2,NA,NA,29,29,L
N2,NA,NA,30,30,V
N2,NA,NA,31,31,T
N2,NA,NA,32,32,T
N2,NA,NA,33,33,V
N2,NA,NA,34,34,T
N2,NA,NA,35,35,L
N2,NA,NA,36,36,H
N2,NA,NA,37,37,F
N2,NA,NA,38,38,K
N2,NA,NA,39,39,Q
N2,NA,NA,40,40,Y
N2,NA,NA,41,41,E
N2,NA,NA,42,42,C
N2,NA,NA,43,43,D
N2,NA,NA,45,44,S
N2,NA,NA,46,45,P
N2,NA,NA,47,46,A
N2,NA,NA,48,47,S
N2,NA,NA,49,48,N
N2,NA,NA,50,49,Q
N2,NA,NA,51,50,V
N2,NA,NA,52,51,M
N2,NA,NA,53,52,P
N2,NA,NA,54,53,C
N2,NA,NA,55,54,E
N2,NA,NA,56,55,P
N2,NA,NA,57,56,I
N2,NA,NA,58,57,I
N2,NA,NA,59,58,I
N2,NA,NA,60,59,E
N2,NA,NA,61,60,R
N2,NA,NA,62,61,N
N2,NA,NA,63,62,I
N2,NA,NA,64,63,T
N2,NA,NA,65,64,E
N2,NA,NA,66,65,I
N2,NA,NA,67,66,V
N2,NA,NA,68,67,Y
N2,NA,NA,69,68,L
N2,NA,NA,70,69,N
N2,NA,NA,71,70,N
N2,NA,NA,72,71,T
N2,NA,NA,73,72,T
N2,NA,NA,74,73,I
N2,NA,NA,80,74,E
N2,NA,NA,81,75,K
N2,NA,NA,82,76,E
N2,NA,NA,83,77,I
N2,NA,NA,84,78,C
N2,NA,NA,85,79,P
N2,NA,NA,86,80,K
N2,NA,NA,87,81,V
N2,NA,NA,88,82,V
N2,NA,NA,89,83,E
N2,NA,NA,90,84,Y
N2,NA,NA,91,85,R
N2,NA,NA,92,86,N
N2,NA,NA,93,87,W
N2,NA,NA,94,88,S
N2,NA,NA,95,89,K
N2,NA,NA,96,90,P
N2,NA,NA,97,91,Q
N2,NA,NA,98,92,C
N2,NA,NA,99,93,Q
N2,NA,NA,100,94,I
N2,NA,NA,101,95,T
N2,NA,NA,102,96,G
N2,NA,NA,103,97,F
N2,NA,NA,104,98,A
N2,NA,NA,105,99,P
N2,NA,NA,106,100,F
N2,NA,NA,107,101,S
N2,NA,NA,108,102,K
N2,NA,NA,109,103,D
N2,NA,NA,110,104,N
N2,NA,NA,111,105,S
N2,NA,NA,112,106,I
N2,NA,NA,113,107,R
N2,NA,NA,114,108,L
N2,NA,NA,115,109,S
N2,NA,NA,116,110,A
N2,NA,NA,117,111,G
N2,NA,NA,118,112,G
N2,NA,NA,119,113,D
N2,NA,NA,120,114,I
N2,NA,NA,121,115,W
N2,NA,NA,122,116,V
N2,NA,NA,123,117,T
N2,NA,NA,124,118,R
N2,NA,NA,125,119,E
N2,NA,NA,126,120,P
N2,NA,NA,127,121,Y
N2,NA,NA,128,122,V
N2,NA,NA,129,123,S
N2,NA,NA,130,124,C
N2,NA,NA,131,125,D
N2,NA,NA,132,126,H
N2,NA,NA,133,127,G
N2,NA,NA,134,128,K
N2,NA,NA,135,129,C
N2,NA,NA,136,130,Y
N2,NA,NA,137,131,Q
N2,NA,NA,138,132,F
N2,NA,NA,139,133,A
N2,NA,NA,140,134,L
N2,NA,NA,141,135,G
N2,NA,NA,142,136,Q
N2,NA,NA,143,137,G
N2,NA,NA,144,138,T
N2,NA,NA,145,139,T
N2,NA,NA,146,140,L
N2,NA,NA,147,141,D
N2,NA,NA,148,142,N
N2,NA,NA,149,143,K
N2,NA,NA,150,144,H
N2,NA,NA,151,145,S
N2,NA,NA,152,146,N
N2,NA,NA,153,147,D
N2,NA,NA,154,148,T
N2,NA,NA,155,149,I
N2,NA,NA,156,150,H
N2,NA,NA,157,151,D
N2,NA,NA,158,152,R
N2,NA,NA,159,153,I
N2,NA,NA,160,154,P
N2,NA,NA,161,155,H
N2,NA,NA,162,156,R
N2,NA,NA,163,157,T
N2,NA,NA,164,158,L
N2,NA,NA,165,159,L
N2,NA,NA,166,160,M
N2,NA,NA,167,161,N
N2,NA,NA,168,162,E
N2,NA,NA,169,163,L
N2,NA,NA,170,164,G
N2,NA,NA,171,165,V
N2,NA,NA,173,166,P
N2,NA,NA,174,167,F
N2,NA,NA,175,168,H
N2,NA,NA,176,169,L
N2,NA,NA,177,170,G
N2,NA,NA,178,171,T
N2,NA,NA,179,172,R
N2,NA,NA,180,173,Q
N2,NA,NA,181,174,V
N2,NA,NA,182,175,C
N2,NA,NA,183,176,I
N2,NA,NA,184,177,A
N2,NA,NA,185,178,W
N2,NA,NA,186,179,S
N2,NA,NA,187,180,S
N2,NA,NA,188,181,S
N2,NA,NA,189,182,S
N2,NA,NA,190,183,C
N2,NA,NA,191,184,H
N2,NA,NA,192,185,D
N2,NA,NA,193,186,G
N2,NA,NA,194,187,K
N2,NA,NA,195,188,A
N2,NA,NA,196,189,W
N2,NA,NA,197,190,L
N2,NA,NA,198,191,H
N2,NA,NA,199,192,V
N2,NA,NA,200,193,C
N2,NA,NA,201,194,I
N2,NA,NA,202,195,T
N2,NA,NA,203,196,G
N2,NA,NA,204,197,D
N2,NA,NA,205,198,D
N2,NA,NA,206,199,K
N2,NA,NA,207,200,N
N2,NA,NA,208,201,A
N2,NA,NA,209,202,T
N2,NA,NA,210,203,A
N2,NA,NA,211,204,S
N2,NA,NA,212,205,F
N2,NA,NA,213,206,I
N2,NA,NA,214,207,Y
N2,NA,NA,215,208,D
N2,NA,NA,216,209,G
N2,NA,NA,217,210,R
N2,NA,NA,218,211,L
N2,NA,NA,219,212,V
N2,NA,NA,220,213,D
N2,NA,NA,221,214,S
N2,NA,NA,222,215,I
N2,NA,NA,223,216,G
N2,NA,NA,224,217,S
N2,NA,NA,225,218,W
N2,NA,NA,226,219,S
N2,NA,NA,227,220,Q
N2,NA,NA,228,221,N
N2,NA,NA,229,222,I
N2,NA,NA,230,223,L
N2,NA,NA,231,224,R
N2,NA,NA,232,225,T
N2,NA,NA,233,226,Q
N2,NA,NA,234,227,E
N2,NA,NA,235,228,S
N2,NA,NA,236,229,E
N2,NA,NA,237,230,C
N2,NA,NA,238,231,V
N2,NA,NA,239,232,C
N2,NA,NA,240,233,I
N2,NA,NA,241,234,N
N2,NA,NA,242,235,G
N2,NA,NA,243,236,T
N2,NA,NA,244,237,C
N2,NA,NA,245,238,T
N2,NA,NA,246,239,V
N2,NA,NA,247,240,V
N2,NA,NA,248,241,M
N2,NA,NA,249,242,T
N2,NA,NA,250,243,D
N2,NA,NA,251,244,G
N2,NA,NA,252,245,S
N2,NA,NA,253,246,A
N2,NA,NA,254,247,S
N2,NA,NA,255,248,G
N2,NA,NA,256,249,R
N2,NA,NA,257,250,A
N2,NA,NA,258,251,D
N2,NA,NA,259,252,T
N2,NA,NA,260,253,R
N2,NA,NA,261,254,I
N2,NA,NA,262,255,L
N2,NA,NA,263,256,F
N2,NA,NA,264,257,I
N2,NA,NA,265,258,E
N2,NA,NA,266,259,E
N2,NA,NA,267,260,G
N2,NA,NA,268,261,K
N2,NA,NA,269,262,I
N2,NA,NA,270,263,V
N2,NA,NA,271,264,H
N2,NA,NA,272,265,I
N2,NA,NA,273,266,S
N2,NA,NA,274,267,P
N2,NA,NA,275,268,L
N2,NA,NA,276,269,S
N2,NA,NA,277,270,G
N2,NA,NA,278,271,S
N2,NA,NA,279,272,A
N2,NA,NA,280,273,Q
N2,NA,NA,281,274,H
N2,NA,NA,282,275,V
N2,NA,NA,283,276,E
N2,NA,NA,284,277,E
N2,NA,NA,285,278,C
N2,NA,NA,286,279,S
N2,NA,NA,287,280,C
N2,NA,NA,288,281,Y
N2,NA,NA,289,282,P
N2,NA,NA,290,283,R
N2,NA,NA,291,284,Y
N2,NA,NA,292,285,P
N2,NA,NA,293,286,G
N2,NA,NA,294,287,V
N2,NA,NA,295,288,R
N2,NA,NA,296,289,C
N2,NA,NA,297,290,I
N2,NA,NA,298,291,C
N2,NA,NA,299,292,R
N2,NA,NA,300,293,D
N2,NA,NA,301,294,N
N2,NA,NA,302,295,W
N2,NA,NA,303,296,K
N2,NA,NA,304,297,G
N2,NA,NA,305,298,S
N2,NA,NA,306,299,N
N2,NA,NA,307,300,R
N2,NA,NA,308,301,P
N2,NA,NA,309,302,V
N2,NA,NA,310,303,V
N2,NA,NA,311,304,D
N2,NA,NA,312,305,I
N2,NA,NA,313,306,N
N2,NA,NA,314,307,M
N2,NA,NA,315,308,E
N2,NA,NA,316,309,D
N2,NA,NA,317,310,Y
N2,NA,NA,318,311,S
N2,NA,NA,319,312,I
N2,NA,NA,320,313,D
N2,NA,NA,321,314,S
N2,NA,NA,322,315,S
N2,NA,NA,323,316,Y
N2,NA,NA,324,317,V
N2,NA,NA,325,318,C
N2,NA,NA,326,319,S
N2,NA,NA,327,320,G
N2,NA,NA,328,321,L
N2,NA,NA,329,322,V
N2,NA,NA,330,323,G
N2,NA,NA,331,324,D
N2,NA,NA,332,325,T
N2,NA,NA,333,326,P
N2,NA,NA,334,327,R
N2,NA,NA,335,328,N
N2,NA,NA,336,329,D
N2,NA,NA,337,330,D
N2,NA,NA,338,331,R
N2,NA,NA,339,332,S
N2,NA,NA,340,333,S
N2,NA,NA,341,334,N
N2,NA,NA,342,335,S
N2,NA,NA,343,336,N
N2,NA,NA,344,337,C
N2,NA,NA,345,338,R
N2,NA,NA,346,339,N
N2,NA,NA,347,340,P
N2,NA,NA,348,341,N
N2,NA,NA,349,342,N
N2,NA,NA,350,343,E
N2,NA,NA,351,344,R
N2,NA,NA,352,345,G
N2,NA,NA,353,346,N
N2,NA,NA,354,347,Q
N2,NA,NA,355,348,G
N2,NA,NA,356,349,V
N2,NA,NA,357,350,K
N2,NA,NA,358,351,G
N2,NA,NA,359,352,W
N2,NA,NA,360,353,A
N2,NA,NA,361,354,F
N2,NA,NA,362,355,D
N2,NA,NA,363,356,N
N2,NA,NA,364,357,G
N2,NA,NA,365,358,D
N2,NA,NA,366,359,D
N2,NA,NA,367,360,V
N2,NA,NA,368,361,W
N2,NA,NA,369,362,M
N2,NA,NA,370,363,G
N2,NA,NA,371,364,R
N2,NA,NA,372,365,T
N2,NA,NA,373,366,I
N2,NA,NA,374,367,S
N2,NA,NA,375,368,K
N2,NA,NA,376,369,D
N2,NA,NA,377,370,L
N2,NA,NA,378,371,R
N2,NA,NA,379,372,S
N2,NA,NA,380,373,G
N2,NA,NA,381,374,Y
N2,NA,NA,382,375,E
N2,NA,NA,383,376,T
N2,NA,NA,384,377,F
N2,NA,NA,385,378,K
N2,NA,NA,386,379,V
N2,NA,NA,387,380,I
N2,NA,NA,388,381,G
N2,NA,NA,389,382,G
N2,NA,NA,390,383,W
N2,NA,NA,391,384,S
N2,NA,NA,392,385,T
N2,NA,NA,393,386,P
N2,NA,NA,394,387,N
N2,NA,NA,395,388,S
N2,NA,NA,396,389,K
N2,NA,NA,397,390,S
N2,NA,NA,398,391,Q
N2,NA,NA,399,392,I
N2,NA,NA,400,393,N
N2,NA,NA,401,394,R
N2,NA,NA,402,395,Q
N2,NA,NA,403,396,V
N2,NA,NA,404,397,I
N2,NA,NA,405,398,V
N2,NA,NA,406,399,D
N2,NA,NA,407,400,S
N2,NA,NA,408,401,D
N2,NA,NA,409,402,N
N2,NA,NA,410,403,R
N2,NA,NA,411,404,S
N2,NA,NA,412,405,G
N2,NA,NA,413,406,Y
N2,NA,NA,414,407,S
N2,NA,NA,415,408,G
N2,NA,NA,416,409,I
N2,NA,NA,417,410,F
N2,NA,NA,418,411,S
N2,NA,NA,419,412,V
N2,NA,NA,424,413,E
N2,NA,NA,425,414,G
N2,NA,NA,426,415,K
N2,NA,NA,427,416,S
N2,NA,NA,428,417,C
N2,NA,NA,429,418,I
N2,NA,NA,430,419,N
N2,NA,NA,431,420,R
N2,NA,NA,432,421,C
N2,NA,NA,433,422,F
N2,NA,NA,434,423,Y
N2,NA,NA,435,424,V
N2,NA,NA,436,425,E
N2,NA,NA,437,426,L
N2,NA,NA,438,427,I
N2,NA,NA,439,428,R
N2,NA,NA,440,429,G
N2,NA,NA,441,430,R
N2,NA,NA,442,431,K
N2,NA,NA,443,432,Q
N2,NA,NA,444,433,E
N2,NA,NA,445,434,T
N2,NA,NA,446,435,R
N2,NA,NA,447,436,V
N2,NA,NA,448,437,W
N2,NA,NA,449,438,W
N2,NA,NA,450,439,T
N2,NA,NA,451,440,S
N2,NA,NA,452,441,N
N2,NA,NA,453,442,S
N2,NA,NA,454,443,I
N2,NA,NA,455,444,V
N2,NA,NA,456,445,V
N2,NA,NA,457,446,F
N2,NA,NA,458,447,C
N2,NA,NA,459,448,G
N2,NA,NA,460,449,T
N2,NA,NA,461,450,S
N2,NA,NA,462,451,G
N2,NA,NA,463,452,T
N2,NA,NA,464,453,Y
N2,NA,NA,465,454,G
N2,NA,NA,466,455,T
N2,NA,NA,467,456,G
N2,NA,NA,468,457,S
N2,NA,NA,469,458,W
N2,NA,NA,470,459,P
N2,NA,NA,471,460,D
N2,NA,NA,472,461,G
N2,NA,NA,473,462,A
N2,NA,NA,474,463,N
N2,NA,NA,475,464,I
N2,NA,NA,476,465,N
N2,NA,NA,477,466,F
N2,NA,NA,478,467,M
N2,NA,NA,480,468,P
N2,NA,NA,481,469,I
N2,NA,NA,482,470,*
N9,NA,NA,1,1,M
N9,NA,NA,2,2,N
N9,NA,NA,3,3,P
N9,NA,NA,4,4,N
N9,NA,NA,5,5,Q
N9,NA,NA,6,6,K
N9,NA,NA,7,7,I
N9,NA,NA,8,8,L
N9,NA,NA,9,9,C
N9,NA,NA,10,10,T
N9,NA,NA,11,11,S
N9,NA,NA,12,12,A
N9,NA,NA,13,13,T
N9,NA,NA,14,14,A
N9,NA,NA,15,15,I
N9,NA,NA,16,16,I
N9,NA,NA,17,17,I
N9,NA,NA,18,18,G
N9,NA,NA,19,19,A
N9,NA,NA,20,20,I
N9,NA,NA,21,21,A
N9,NA,NA,22,22,V
N9,NA,NA,23,23,L
N9,NA,NA,24,24,I
N9,NA,NA,25,25,G
N9,NA,NA,26,26,M
N9,NA,NA,27,27,A
N9,NA,NA,28,28,N
N9,NA,NA,29,29,L
N9,NA,NA,30,30,G
N9,NA,NA,31,31,L
N9,NA,NA,32,32,N
N9,NA,NA,33,33,I
N9,NA,NA,34,34,G
N9,NA,NA,35,35,L
N9,NA,NA,36,36,H
N9,NA,NA,37,37,L
N9,NA,NA,38,38,K
N9,NA,NA,39,39,P
N9,NA,NA,40,40,G
N9,NA,NA,42,41,C
N9,NA,NA,43,42,N
N9,NA,NA,44,43,C
N9,NA,NA,45,44,S
N9,NA,NA,46,45,H
N9,NA,NA,47,46,S
N9,NA,NA,48,47,Q
N9,NA,NA,49,48,P
N9,NA,NA,50,49,E
N9,NA,NA,51,50,T
N9,NA,NA,52,51,T
N9,NA,NA,53,52,N
N9,NA,NA,54,53,T
N9,NA,NA,55,54,S
N9,NA,NA,56,55,Q
N9,NA,NA,57,56,T
N9,NA,NA,58,57,I
N9,NA,NA,59,58,I
N9,NA,NA,60,59,N
N9,NA,NA,61,60,N
N9,NA,NA,68,61,Y
N9,NA,NA,69,62,Y
N9,NA,NA,70,63,N
N9,NA,NA,71,64,E
N9,NA,NA,72,65,T
N9,NA,NA,73,66,N
N9,NA,NA,74,67,I
N9,NA,NA,75,68,T
N9,NA,NA,76,69,N
N9,NA,NA,77,70,I
N9,NA,NA,78,71,Q
N9,NA,NA,79,72,M
N9,NA,NA,80,73,E
N9,NA,NA,81,74,E
N9,NA,NA,82,75,R
N9,NA,NA,84,76,T
N9,NA,NA,86,77,S
N9,NA,NA,88,78,R
N9,NA,NA,89,79,N
N9,NA,NA,90,80,F
N9,NA,NA,91,81,N
N9,NA,NA,92,82,N
N9,NA,NA,93,83,L
N9,NA,NA,94,84,T
N9,NA,NA,95,85,K
N9,NA,NA,96,86,G
N9,NA,NA,97,87,L
N9,NA,NA,98,88,C
N9,NA,NA,99,89,T
N9,NA,NA,100,90,I
N9,NA,NA,101,91,N
N9,NA,NA,102,92,S
N9,NA,NA,103,93,W
N9,NA,NA,104,94,H
N9,NA,NA,105,95,I
N9,NA,NA,106,96,Y
N9,NA,NA,107,97,G
N9,NA,NA,108,98,K
N9,NA,NA,109,99,D
N9,NA,NA,110,100,N
N9,NA,NA,111,101,A
N9,NA,NA,112,102,V
N9,NA,NA,113,103,R
N9,NA,NA,114,104,I
N9,NA,NA,115,105,G
N9,NA,NA,116,106,E
N9,NA,NA,117,107,S
N9,NA,NA,118,108,S
N9,NA,NA,119,109,D
N9,NA,NA,120,110,V
N9,NA,NA,121,111,L
N9,NA,NA,122,112,V
N9,NA,NA,123,113,T
N9,NA,NA,124,114,R
N9,NA,NA,125,115,E
N9,NA,NA,126,116,P
N9,NA,NA,127,117,Y
N9,NA,NA,128,118,V
N9,NA,NA,129,119,S
N9,NA,NA,130,120,C
N9,NA,NA,131,121,D
N9,NA,NA,132,122,P
N9,NA,NA,133,123,D
N9,NA,NA,134,124,E
N9,NA,NA,135,125,C
N9,NA,NA,136,126,R
N9,NA,NA,137,127,F
N9,NA,NA,138,128,Y
N9,NA,NA,139,129,A
N9,NA,NA,140,130,L
N9,NA,NA,141,131,S
N9,NA,NA,142,132,Q
N9,NA,NA,143,133,G
N9,NA,NA,144,134,T
N9,NA,NA,145,135,T
N9,NA,NA,146,136,I
N9,NA,NA,147,137,R
N9,NA,NA,148,138,G
N9,NA,NA,149,139,K
N9,NA,NA,150,140,H
N9,NA,NA,151,141,S
N9,NA,NA,152,142,N
N9,NA,NA,153,143,G
N9,NA,NA,154,144,T
N9,NA,NA,155,145,I
N9,NA,NA,156,146,H
N9,NA,NA,157,147,D
N9,NA,NA,158,148,R
N9,NA,NA,159,149,S
N9,NA,NA,160,150,Q
N9,NA,NA,161,151,Y
N9,NA,NA,162,152,R
N9,NA,NA,163,153,A
N9,NA,NA,164,154,L
N9,NA,NA,165,155,I
N9,NA,NA,166,156,S
N9,NA,NA,167,157,W
N9,NA,NA,168,158,P
N9,NA,NA,169,159,L
N9,NA,NA,170,160,S
N9,NA,NA,171,161,S
N9,NA,NA,172,162,P
N9,NA,NA,173,163,P
N9,NA,NA,174,164,T
N9,NA,NA,175,165,V
N9,NA,NA,176,166,Y
N9,NA,NA,177,167,N
N9,NA,NA,178,168,S
N9,NA,NA,179,169,R
N9,NA,NA,180,170,V
N9,NA,NA,181,171,E
N9,NA,NA,182,172,C
N9,NA,NA,183,173,I
N9,NA,NA,184,174,G
N9,NA,NA,185,175,W
N9,NA,NA,186,176,S
N9,NA,NA,187,177,S
N9,NA,NA,188,178,T
N9,NA,NA,189,179,S
N9,NA,NA,190,180,C
N9,NA,NA,191,181,H
N9,NA,NA,192,182,D
N9,NA,NA,193,183,G
N9,NA,NA,194,184,K
N9,NA,NA,195,185,S
N9,NA,NA,196,186,R
N9,NA,NA,197,187,M
N9,NA,NA,198,188,S
N9,NA,NA,199,189,I
N9,NA,NA,200,190,C
N9,NA,NA,201,191,I
N9,NA,NA,202,192,S
N9,NA,NA,203,193,G
N9,NA,NA,204,194,P
N9,NA,NA,205,195,N
N9,NA,NA,206,196,N
N9,NA,NA,207,197,N
N9,NA,NA,208,198,A
N9,NA,NA,209,199,S
N9,NA,NA,210,200,A
N9,NA,NA,211,201,V
N9,NA,NA,212,202,V
N9,NA,NA,213,203,W
N9,NA,NA,214,204,Y
N9,NA,NA,215,205,N
N9,NA,NA,216,206,R
N9,NA,NA,217,207,R
N9,NA,NA,218,208,P
N9,NA,NA,219,209,V
N9,NA,NA,220,210,A
N9,NA,NA,221,211,E
N9,NA,NA,222,212,I
N9,NA,NA,223,213,N
N9,NA,NA,224,214,T
N9,NA,NA,225,215,W
N9,NA,NA,226,216,A
N9,NA,NA,227,217,R
N9,NA,NA,228,218,N
N9,NA,NA,229,219,I
N9,NA,NA,230,220,L
N9,NA,NA,231,221,R
N9,NA,NA,232,222,T
N9,NA,NA,233,223,Q
N9,NA,NA,234,224,E
N9,NA,NA,235,225,S
N9,NA,NA,236,226,E
N9,NA,NA,237,227,C
N9,NA,NA,238,228,V
N9,NA,NA,239,229,C
N9,NA,NA,240,230,H
N9,NA,NA,241,231,N
N9,NA,NA,242,232,G
N9,NA,NA,243,233,V
N9,NA,NA,244,234,C
N9,NA,NA,245,235,P
N9,NA,NA,246,236,V
N9,NA,NA,247,237,V
N9,NA,NA,248,238,F
N9,NA,NA,249,239,T
N9,NA,NA,250,240,D
N9,NA,NA,251,241,G
N9,NA,NA,252,242,S
N9,NA,NA,253,243,A
N9,NA,NA,254,244,T
N9,NA,NA,255,245,G
N9,NA,NA,256,246,P
N9,NA,NA,257,247,A
N9,NA,NA,258,248,D
N9,NA,NA,259,249,T
N9,NA,NA,260,250,R
N9,NA,NA,261,251,I
N9,NA,NA,262,252,Y
N9,NA,NA,263,253,Y
N9,NA,NA,264,254,F
N9,NA,NA,265,255,K
N9,NA,NA,266,256,E
N9,NA,NA,267,257,G
N9,NA,NA,268,258,K
N9,NA,NA,269,259,I
N9,NA,NA,270,260,L
N9,NA,NA,271,261,K
N9,NA,NA,272,262,W
N9,NA,NA,273,263,E
N9,NA,NA,274,264,S
N9,NA,NA,275,265,L
N9,NA,NA,276,266,T
N9,NA,NA,277,267,G
N9,NA,NA,278,268,T
N9,NA,NA,279,269,A
N9,NA,NA,280,270,K
N9,NA,NA,281,271,H
N9,NA,NA,282,272,I
N9,NA,NA,283,273,E
N9,NA,NA,284,274,E
N9,NA,NA,285,275,C
N9,NA,NA,286,276,S
N9,NA,NA,287,277,C
N9,NA,NA,288,278,Y
N9,NA,NA,289,279,G
N9,NA,NA,290,280,E
N9,NA,NA,291,281,R
N9,NA,NA,292,282,T
N9,NA,NA,293,283,G
N9,NA,NA,294,284,I
N9,NA,NA,295,285,T
N9,NA,NA,296,286,C
N9,NA,NA,297,287,T
N9,NA,NA,298,288,C
N9,NA,NA,299,289,R
N9,NA,NA,300,290,D
N9,NA,NA,301,291,N
N9,NA,NA,302,292,W
N9,NA,NA,303,293,Q
N9,NA,NA,304,294,G
N9,NA,NA,305,295,S
N9,NA,NA,306,296,N
N9,NA,NA,307,297,R
N9,NA,NA,308,298,P
N9,NA,NA,309,299,V
N9,NA,NA,310,300,I
N9,NA,NA,311,301,Q
N9,NA,NA,312,302,I
N9,NA,NA,313,303,D
N9,NA,NA,314,304,P
N9,NA,NA,315,305,V
N9,NA,NA,316,306,A
N9,NA,NA,317,307,M
N9,NA,NA,318,308,T
N9,NA,NA,319,309,H
N9,NA,NA,320,310,T
N9,NA,NA,321,311,S
N9,NA,NA,322,312,Q
N9,NA,NA,323,313,Y
N9,NA,NA,324,314,I
N9,NA,NA,325,315,C
N9,NA,NA,326,316,S
N9,NA,NA,327,317,P
N9,NA,NA,328,318,V
N9,NA,NA,329,319,L
N9,NA,NA,330,320,T
N9,NA,NA,331,321,D
N9,NA,NA,332,322,N
N9,NA,NA,333,323,P
N9,NA,NA,334,324,R
N9,NA,NA,335,325,P
N9,NA,NA,336,326,N
N9,NA,NA,337,327,D
N9,NA,NA,338,328,P
N9,NA,NA,339,329,N
N9,NA,NA,341,330,I
N9,NA,NA,342,331,G
N9,NA,NA,343,332,K
N9,NA,NA,344,333,C
N9,NA,NA,345,334,N
N9,NA,NA,346,335,D
N9,NA,NA,347,336,P
N9,NA,NA,348,337,Y
N9,NA,NA,349,338,P
N9,NA,NA,350,339,G
N9,NA,NA,351,340,N
N9,NA,NA,352,341,N
N9,NA,NA,353,342,N
N9,NA,NA,354,343,N
N9,NA,NA,355,344,G
N9,NA,NA,356,345,V
N9,NA,NA,357,346,K
N9,NA,NA,358,347,G
N9,NA,NA,359,348,F
N9,NA,NA,360,349,S
N9,NA,NA,361,350,Y
N9,NA,NA,362,351,L
N9,NA,NA,363,352,D
N9,NA,NA,364,353,G
N9,NA,NA,365,354,A
N9,NA,NA,366,355,N
N9,NA,NA,367,356,T
N9,NA,NA,368,357,W
N9,NA,NA,369,358,L
N9,NA,NA,370,359,G
N9,NA,NA,371,360,R
N9,NA,NA,372,361,T
N9,NA,NA,373,362,I
N9,NA,NA,374,363,S
N9,NA,NA,375,364,T
N9,NA,NA,376,365,A
N9,NA,NA,377,366,S
N9,NA,NA,378,367,R
N9,NA,NA,379,368,S
N9,NA,NA,380,369,G
N9,NA,NA,381,370,Y
N9,NA,NA,382,371,E
N9,NA,NA,383,372,M
N9,NA,NA,384,373,L
N9,NA,NA,385,374,K
N9,NA,NA,386,375,V
N9,NA,NA,387,376,P
N9,NA,NA,388,377,N
N9,NA,NA,389,378,A
N9,NA,NA,390,379,L
N9,NA,NA,391,380,T
N9,NA,NA,392,381,D
N9,NA,NA,393,382,D
N9,NA,NA,394,383,R
N9,NA,NA,395,384,S
N9,NA,NA,396,385,K
N9,NA,NA,397,386,P
N9,NA,NA,398,387,I
N9,NA,NA,399,388,Q
N9,NA,NA,401,389,G
N9,NA,NA,402,390,Q
N9,NA,NA,403,391,T
N9,NA,NA,404,392,I
N9,NA,NA,405,393,V
N9,NA,NA,406,394,L
N9,NA,NA,407,395,N
N9,NA,NA,408,396,A
N9,NA,NA,409,397,D
N9,NA,NA,410,398,W
N9,NA,NA,411,399,S
N9,NA,NA,412,400,G
N9,NA,NA,413,401,Y
N9,NA,NA,414,402,S
N9,NA,NA,415,403,G
N9,NA,NA,416,404,S
N9,NA,NA,417,405,F
N9,NA,NA,418,406,M
N9,NA,NA,419,407,D
N9,NA,NA,420,408,Y
N9,NA,NA,421,409,W
N9,NA,NA,424,410,A
N9,NA,NA,425,411,E
N9,NA,NA,426,412,G
N9,NA,NA,427,413,D
N9,NA,NA,428,414,C
N9,NA,NA,429,415,Y
N9,NA,NA,430,416,R
N9,NA,NA,431,417,A
N9,NA,NA,432,418,C
N9,NA,NA,433,419,F
N9,NA,NA,434,420,Y
N9,NA,NA,435,421,V
N9,NA,NA,436,422,E
N9,NA,NA,437,423,L
N9,NA,NA,438,424,I
N9,NA,NA,439,425,R
N9,NA,NA,440,426,G
N9,NA,NA,441,427,R
N9,NA,NA,442,428,P
N9,NA,NA,443,429,K
N9,NA,NA,444,430,E
N9,NA,NA,445,431,D
N9,NA,NA,446,432,K
N9,NA,NA,447,433,V
N9,NA,NA,448,434,W
N9,NA,NA,449,435,W
N9,NA,NA,450,436,T
N9,NA,NA,451,437,S
N9,NA,NA,452,438,N
N9,NA,NA,453,439,S
N9,NA,NA,454,440,I
N9,NA,NA,455,441,V
N9,NA,NA,456,442,S
N9,NA,NA,457,443,M
N9,NA,NA,458,444,C
N9,NA,NA,459,445,S
N9,NA,NA,460,446,S
N9,NA,NA,461,447,T
N9,NA,NA,462,448,E
N9,NA,NA,463,449,F
N9,NA,NA,464,450,L
N9,NA,NA,465,451,G
N9,NA,NA,466,452,Q
N9,NA,NA,467,453,W
N9,NA,NA,468,454,N
N9,NA,NA,469,455,W
N9,NA,NA,470,456,P
N9,NA,NA,471,457,D
N9,NA,NA,472,458,G
N9,NA,NA,473,459,A
N9,NA,NA,474,460,K
N9,NA,NA,475,461,I
N9,NA,NA,476,462,E
N9,NA,NA,477,463,Y
N9,NA,NA,478,464,F
N9,NA,NA,481,465,L
N9,NA,NA,482,466,*
